dr shiva live speech at shiva trump rally ! ! via,[trump]
"breaking fox news alert : trump on ' fox & friends ' claims ' solid chance of winning , ' will not ' play games ' in declaring victory",[trump]
breaking fox news alert : watch live : trump to tell pennsylvania it can ' save the american dream ' from ' corrupt forces ',[trump]
johnny carson - joe biden joke ( ) via crooked joe biden sleepy joe biden has a long track record of a apparent feeble mind stealing from others,"[biden, trump]"
lmao nvm cause then y â€™ all gone complain about biden ğŸ˜­,[biden]
my take on the us presidential election in .,[trump]
trump bringing america to its knees never seen business boarding up shop . omg americans please remove this man and take your country back if tut don â€™ t god help you all,[trump]
omg trump just said : â€œ stream nana : the mixtape and i â€™ ll drop out the election â€,[trump]
take your â€œ i voted early â€ sticker and shove it down your throat if you voted for trump,[trump]
the yt people â€™ s trump flags is out extra loud and proud today,[trump]
"2 nd congrats to france , many more to britain & other european nations . your altruistic disposition of welcoming refugees from war torn religiously fundamentalist nations is yielding the expected results . exactly forebode this & rightly prohibited entry to them .",[trump]
you thug,[trump]
lgbt and poc stay outside if biden wins â¤ï¸,[biden]
everyone deserves a fair shot at life . every baby matters and that â€™ s a fact .,[trump]
"breaking fox news alert : biden , campaigning in battlegrounds on eve of election , says it ' s time for trump to ' pack his bags '","[biden, trump]"
can not believe you support this crooked joe biden and his family ' s illegal business over,[trump]
i hope you can get this story some retweet legs before shuts us down ! crooked joe biden needs his criminal family exposed,[trump]
"has never been given a state banquet , not even by his soulmate . he ' s besotted by usa , despite being slapped a visa ban for years for the gujarat riots . yet they think he ' s unfit for a state banquet .",[trump]
"breaking fox news alert : watch live : obama , biden to make first joint appearance in michigan",[biden]
why the turkey is in nato ?,[trump]
y â€™ all voting for biden only because y â€™ all don â€™ t like trump ? ğŸ‘€,"[biden, trump]"
since when the fuck was joe biden in mulholland drive,[biden]
"in / chance , house trumps !",[trump]
trump is a greedy and unaware person .,[trump]
yes even the babies he supports killing . ia mprolife,[trump]
lol . . . not much rhythm but people having fun and smiling ! ğŸ‡º ğŸ‡¸ â˜®,[trump]
"breaking fox news alert : trump , in scranton , hits biden on fracking : vote for ex - vp would ' destroy pennsylvania '","[biden, trump]"
"breaking fox news alert : fox news poll : majority trusts biden on covid , half say virus is out of control",[biden]
and rallies of biden and harris given birth to new lives ! ! ! new scientist on horizon .,"[trump, biden]"
breaking fox news alert : president trump joins ' fox & friends ' at a . m . et for a live election day interview,[trump]
"over covid deaths on your watch , mr . president . that ' s about difference in number of deaths from this time last year to this year . i do not know how you can in good conscience claim that covid will disappear after election day . oh wait . you do not have a conscience .",[trump]
compare vs . crooked joe biden why are not you covering this major scandal ? ? ?,[trump]
breaking fox news alert : biden swarmed during election day stop in pennsylvania as he promises to ' run through the tape ',[biden]
i love how all the â€œ fake news â€ jargon is just trump â€™ s way of brainwashing his supporters into discrediting real info to unbrainwash the brainwashees,[trump]
"breaking fox news alert : trump holds the first of rallies in battleground states , ahead of biden events in philadelphia","[biden, trump]"
i feel this phenomenon should be labeled â€œ trump â€™ s law â€ .,[trump]
a dubious distinction . the judiciary should never be politicised . i hope orders an independent look into the usa judicial system . no one should be judge for life . it ' s time for modernisation and reforms .,[trump]
appears that way but not over til the cackler lady sings !,[trump]
"you covidiot . there are states that can â€™ t even open their tens of thousands of mailed ballots until election day , and it takes days to process them . if you â€™ re not afraid of the outcome , then stop saying that the result needs to be known on election day .",[trump]
breaking fox news alert : fox news poll : biden ' t lead over trump narrows before election day,"[biden, trump]"
