did you know trump is using your music for his propaganda ?,[trump]
"local news refutes point by point each allegation made about omaha trump rally about people stranded in freezing weather , required to walk and numbers requiring medical attention . yet abc national news reports false story at . can â€™ t trust national media . tds is strong there",[trump]
so tired of debunking your false narratives can â€™ t wait to have my boring government back,[trump]
does joe biden yell at his appearances because he is trying to reach his supporters who are out of sight ?,[biden]
"exactly , and our potus needs to remain potus so that this investigation goes to completion . i actually think the info will be damning to a whole bunch of people . will americans be ready for this , probably not . i hope they keep her alive âœ…",[trump]
so let â€™ s not forget trump in,[trump]
"it â€™ s probably nothing . . . and i plan to go further as i â€™ m noticing too many links to lincoln as well . buttttt , as the great and graphic joe biden once said â€œ come on , man ! â€",[biden]
"presence in africa can not be in response to china â€™ s strategy emphasize support to western pacific allies ( taiwan , japan , australia , korea ) redefine the issue , stretch china so they deal with our strategy . we should not invest our youth / treasure in china â€™ s surrogate conflicts",[trump]
trump speaks to the american people from the heart â¤ï¸ . you â€œ yell â€ at the american people from a teleprompter . you are the virus and will be exterminated at the polls .,[trump]
"i understand this i think ( i have a bit of a reading comp issue ) but also , this is long term groundwork . important and vital ! im more talking abt immediately stopping the train trump has started to stripping lgbtq ppl , women +",[trump]
republicans have been at war with public schools for years and everything they have been for private schools coincidence i think not,[trump]
bs obama had used the dpa after days and did a tracking system on the virus you golfed,[trump]
it â€™ s a bot,[trump]
the most people since taff are registered and it â€™ s because you have failed at every opportunity and the gop has enabled you from the beginning . you don â€™ t represent the majority of americans not in the sc not in the power,[trump]
the fact that republicans can â€™ t see it is beyond me,[trump]
the password is star square circle,[trump]
"awwww , that â€™ s cute ! y â€™ all keep trying really , really hard to insult the female . sounds like someone else i know . i absolutely love how â€™ s he â€™ s emboldened white â€œ men â€ and taken us right back to . did i say i was for biden ?","[biden, trump]"
i actually understand how some people can vote biden / harris because they believe orange man bad but how any sane person can support is beyond me . she â€™ s a danger that can never win or it â€™ s gonna be bad in ne 02 . has my vote and should have yours too .,[biden]
still waiting for biden to accidentally confirm michelle obama was a man . ğŸ˜‚,[biden]
dear jewish people please remember that this is a guy who is supported by neo nazis and other white supremacy groups that don â€™ t like you,[trump]
i think i have covid fatigue just talking about it i â€™ d love to move on to another subject but trump won â€™ t let us because he is constantly failing to respond to the pandemic,[trump]
off you go bot have fun in my jail,[trump]
nothing but scare tactics propaganda it â€™ s all he has remember hispanic voters he said mexico was sending only rapist and murderers then got caught with illegals working at mar - largo,[trump]
dead millions sick we still don â€™ t have a national plan because we don â€™ t have any real leadership,[trump]
you had four years to make it better you could of passed the hero â€™ s act in may and you would of been a hero you failed in the most splendid way,[trump]
"correction . . . . he didn â€™ t pay for the buses . he stiffed the bus companies , which is why they didn â€™ t come back after the rally to take his supporters back to their cars .",[trump]
all right wing violence the kenosha shooter the california cinco de mayo shooter the media bomber the minnesota police station burning down the texas mall shooter the vegas church burning down the synagogue killer the mosque killer,[trump]
trump proves that you don â€™ t have to be poor to be white trash,[trump]
right wing violence the kenosha shooter the oakland shooter the vegas church burning down the minnesota police station burning down the texas mall shooter the california cinco de mayo shooter the attempt to kidnap a governor,[trump]
trump leaving his supporters out in the cold . this stuff writes itself .,[trump]
where is biden â€™ s daughter ? isn â€™ t there a girl ?,[biden]
a trump supporter billboard,[trump]
there â€™ s three systems for everyone the poor the middle class and the rich the middle class thinks they got enough money to be rich the rich got enough money to out last you in court and the poor and lower middle class goes down,[trump]
"i have a biden banner , signs , and flag ! and none of your cronies will take mine without a fight ! ! !",[biden]
"( / ) make sure to get out and vote today . it doesn â€™ t matter if you cast a vote for trump , or a vote for biden , as long as you vote that â€™ s what matters . don â€™ t let anyone make you feel bad or embarrassed about who you support and vote for today , our ability to have differences","[biden, trump]"
someone said they ' d be sending me more leftist material to read so hopefully it will help because im really distraught abt people not voting for biden ( but only bc i greatly fear trumps re - election ),"[trump, biden]"
joe biden is a more if â€™ s statesman than donald trump will ever be . he doesn â€™ t resort to name calling when backed into a corner . he will choose the environment over the almighty dollar .,"[trump, biden]"
the synagogue shooter the mosque shooter the multiple people who drove cars into crowds the guy who went around busting windows at pep boys the other texas shooter the ohio shooter the real violence comes from the right wing,[trump]
here ' s my one minute stump speech for biden . all the reasons you will need to vote for biden in a single minute ! biden biden harris to save america biden harris vote him out vote vote early vote blue vote biden harris 2020 vote 2020 vote biden,[biden]
new reinfections . thanks trump . maga,[trump]
i work with a bunch of trump supporters and i feel my blood boil every time one of them says some dumb ass shit .,[trump]
charter bus to the omaha trump rally ! !,[trump]
you know i thought i was following you already but after making me crack up now i â€™ m,[trump]
"see , you at least need to sound educated in your attempts at insulting a woman .",[trump]
"president donald trump ' s son - in - law and senior adviser , jared kushner , boasted in mid - april about how the president had cut out the doctors and scientists advising him on the unfolding coronavirus pandemic .",[trump]
of the country wants to move to green energy because we know oil and coal are the past windmill solar and natural gas are the future,[trump]
oh how cute i found another bot,[trump]
nope wrong republicans are trying to pass the cares act which doesn â€™ t do enough please try to keep up,[trump]
tax returns . enough said,[trump]
donald trump / pence,[trump]
gimme that biden hat,[biden]
the media bomber the ohio shooter the synagogue shooter the mosque shooter the many people driving cars into crowds the other texas shooter right wing violence is up and we know why this guy,[trump]
welcome to jail bot,[trump]
trump is mental ill he talked about dating his daughter thought washington stormed airports talked about cleaning fluid injections and sticking lights in are body told california to rake it â€™ s forrest thought finland was part of russia thought,[trump]
biden only wants to raise taxes on people who make 4 0 0 k plus republicans have been cheating the working poor since the 7 0 s,[biden]
"here ' s what ' s happening today with trump and biden , plus facts and analysis of america ' s vote . both sides agree : it ' s an election with stakes higher than any other in modern american history .","[trump, biden]"
is there an alternative ? are we just supposed to have trump again who just placed yet another person in power who wants to take away more rights of marginalized people ? biden is t a savior but god knows we have no other choice right ?,"[biden, trump]"
i have a guy at work that is a head of a department trump supporter and college educated and i can â€™ t even argue with him anymore because he either talks over me interrupts me and talks in circles with fox news talking points any advice please people,[trump]
dear republicans how do you not see through the lies yet i just don â€™ t get it he â€™ s tried multiple times with his propaganda and been debunked every time,[trump]
further proof that joe biden is a republican,[biden]
democrats are not going to take your guns i â€™ ve heard this bs argument for years never happened never going to happen,[trump]
"not to mention , almost every state poll was within the margin of error . i think it was state outside the moe that went the to trump .",[trump]
and yet christians will tell you how a god like he is trump broke america,[trump]
according to forbes joe biden â€™ s plan will create million more jobs isn â€™ t that what americans want and republicans scream about,"[biden, trump]"
idiots out wondering around,[trump]
really because joes winning bot we are showing up in massive numbers not seen since taff,[trump]
cheater cheater pumpkin eating,[trump]
flunk ben sasse and deb fischer i â€™ m pleading for a democrat to run here we use to be a purple state and if we don â€™ t get a democrat to run here how are we supposed to win just tell nebraska how inconsistent republicans have been,[trump]
trump rally attendees stranded after listening to the president in omaha,[trump]
i don â€™ t listen to the polls or media i win vote like he â€™ s points behind,[trump]
buy bot welcome to jail,[trump]
ya i hear you bro you got to be put into the farmers market,[trump]
ourselves and each other and as trump also said â€œ there is a right way to do these things . â€ we each hold the key . this cycle of â€œ game â€ has repeated over and over and over and we never learn while trying to have our cake and eat it too blindly following the wrong man .,[trump]
i â€™ m afraid it â€™ s going to get worse . the next two months are going to get down right ugly . i worry that even if biden wins trump will refuse to leave the white house .,"[biden, trump]"
dear ladies and lgbq this court is coming after you don â€™ t think for a minute that they won â€™ t strike down aca and roe vs wade and gay rights this court hasn â€™ t been this conservative since 1 9 3 0 s and doesn â€™ t reflect america,[trump]
"polls begin closing soon and vote counts are under way . find out the latest , and while you are waiting for results , try our game to predict who wins , trump or biden .","[trump, biden]"
the supreme courts no courts no longer reflects the people the courts haven â€™ t been this conservative since is that a reflection of a america i don â€™ t think so,[trump]
"the sister told police that her brother â€œ is completely brainwashed with trump stuff â€ and mentally unstable , according to a police report .",[trump]
"but also , do we really need to bring up all the sexual assault cases your main man has paid off ? and he is currently supposed to be beating his weenie to submit a sample for another rape case . y â€™ all are so bold to judge any other man on this planet . yours is far from a saint .",[trump]
"no he didn â€™ t . he didn â€™ t pay the bus company as promised , so they didn â€™ t come back after the rally . omaha police for buses to pick up the stranded â€œ fans â€ on the tax payers dime .",[trump]
lmao oh please tell who â€™ s the president of thigh land ğŸ˜‚ ğŸ¤£ ğŸ’© ğŸ¤£ ğŸ˜‚ ğŸ¤£ ğŸ¤ª,[trump]
"checking the facts on what president trump said about nebraska ' s economy , agriculture and ethanol during his rally last night .",[trump]
has trouble drinking water one handed and walking down ramps can â€™ t go on for more than a paragraph with out rambling can â€™ t spell coffee or hamburger can â€™ t pronounce many words i can â€™ t even go into but ya let â€™ s talk about joe biden mental health,"[trump, biden]"
right wing groups around the united states are organizing recruiting becoming bigger we need a president the actually take care of this problem,[trump]
trump campaign officials said they had enough buses to shuttle people back to their cars but said a larger - than - expected crowd slowed the buses â€™ return . several people who were waiting reportedly required medical attention .,[trump]
if there really is such a thing as karma this man and his family would be in prison let â€™ s make karma happen,[trump]
"the trump economy is an entire nation struggling to make ends meet in a pandemic he did nothing about , meanwhile the s & p is actually up on the year for all his rich friends",[trump]
"your daily election update : five days out , florida the focus for trump , biden ; wisconsin gop says hackers stole ; and a flurry of supreme court decisions .","[trump, biden]"
this man dropped an album yesterday and endorsed trump today . none of you better have that shit on your phone . he â€™ s actively turning his back on the very people that gave him that net worth . i â€™ m sick .,[trump]
"officials say a jewish cemetery in grand rapids , mich . , was vandalized with political statements appearing to support president donald trump .",[trump]
"i want to be clear now that no matter who wins , trump and his supporters are fucking dumb as shit",[trump]
they donated to trump i find it funny and a good warning to other companies,[trump]
or drink water one handed goes of on rants anytime he goes beyond a paragraph,[trump]
ny won â€™ t go republican are you kidding after what you and rudy did i don â€™ t see them going republican for at least years,[trump]
remember this as trump talks about his sources .,[trump]
not for long ohio picks winners and has done so for along time but if they pick you they pick the losers,[trump]
joes job plan will create million more jobs according to forbes isn â€™ t that exactly what america needs right now,[trump]
of course we sit around and wait for him to tweet these messages aren â€™ t going to debunk them selves,[trump]
oh please trump slurs like a novocain victim talked about dating dating his daughter thought washington stormed airports talked about cleaning fluid injections and sticking lights in are body and you want to talk about joe mental health,[trump]
you â€™ ll be seeing a lot of these signs ones we have a national plan,[trump]
it â€™ s a circle so you are always rounding the corner into the infant loop just like trump ğŸ˜‚ ğŸ¤£ ğŸ˜‚ ğŸ¤£ ğŸ˜… ğŸ˜‚,[trump]
get my bot cage and my lasso it â€™ s time to rangle up bots,[trump]
i â€™ m the working poor and i payed more taxes then the president,[trump]
and left them there to freeze . no busses to return to the parking lots . omaha police had to come in and take care of your supporters,[trump]
"just made some calls for biden . grueling , but felt good to be a part of the solution .",[biden]
he keeps his promises,[trump]
"how to transform trumpism after trump : on post - truth , post - democracy , and post - humanity .",[trump]
"a colorado ballot initiative would reintroduce wolves on the state â€™ s western slope . it comes after the trump administration on thursday lifted protections for wolves across most of the u.s. , putting their future in the hands of state wildlife agencies .",[trump]
"good morning america , election day , the day we say good bye to trump ! ! !",[trump]
ğŸ˜‚ ğŸ˜‚ ğŸ˜‚ . spoken like a true trumper ! hit em with facts and they unravel !,[trump]
oh please democrats are the only ones working for better medicare you are the one trying to strip away the aca with a book full of executive orders that don â€™ t amount to squat,[trump]
come on florida get out their and vote these idiots out you have some of the worst representative in the country please vote blue to save america,[trump]
â€œ how to blackmail biden â€,[biden]
moscow mitch held up the supreme court for eight months and said let the people decide now or nine days before the election in your room and this one home i called that court packing,[trump]
so . . . . is our president encouraging us to vote twice ? it is against the law i would think,[trump]
it turns out all of biden ' s worst scandals were actually trump ' s . politics vote vote early vote them out vote blue to save america vote biden harris blue wave 2020 democrats,"[trump, biden]"
"not even close , your boy trump is going down and hard ! ! !",[trump]
sweeping deaths under trump â€™ s rug,[trump]
you know what you never made america great all you did was divide america and now we need unity that â€™ s one of the many reasons i will be voting for joe biden,"[trump, biden]"
show the pictures of people trying to leave,[trump]
courts around the country that are conservative are trying to suppress the vote please hand deliver them if you â€™ re in one of those states,[trump]
same propaganda different day this is a lie sheer propaganda ids all this man has,[trump]
theirs two sets of rules in court one for the rich and one for the poor,[trump]
that â€™ s because they haven â€™ t broken down the cares act it â€™ s horrible first it doesn â€™ t do enough for the unemployed people second republicans slipped in something to pay millionaires and more money,[trump]
when will trump say that he won don â€™ t worry i â€™ m not going to take this to seriously just i â€™ m saying pm eastern is my call retweet please,[trump]
remember when they said hillary clinton had a trail of body â€™ s it was all propaganda but this isn â€™ t trump had blood on his hands,[trump]
you did not fix it either twit .,[trump]
can â€™ t remember who â€™ s running afghanistan though finland was part of russia thought paris was the capital of germany has a short attention span calls himself a stable genius can â€™ t pronounce so many words i can â€™ t list them all you are unfit for office,[trump]
your daily election roundup : biden went from caucus loser to november contender in iowa ; trump hits midwest in final stretch ; perdue backs out of debate . get the latest .,"[trump, biden]"
the people who support trump the kkk the taliban the boogaloos the proud bois the wolverine watchers not all republicans are racist but all racist are trump supporters,[trump]
can â€™ t work a umbrella has a hard time walking down ramps and drinking water one handed calls people by the wrong name can â€™ t remember his sons name thinks he met the president of puerto rico it â€™ s a us territory,[trump]
former vice president joe biden said president donald trump is â€œ failing â€ nebraskans and has â€œ waved the white flag â€ on the pandemic .,"[trump, biden]"
can â€™ t apply makeup wears makeup because he â€™ s got a narcissistic personality disorder can â€™ t remember who is running afghanistan thought he could buy greenland thought paris was the capital of germany can â€™ t work a umbrella can â€™ t walk down ramps,[trump]
are you fricking joking obama did so much to fight this problem all you did was ride his coat tails on what he passed,[trump]
trump & the coronavirus : last week tonight with john oliver ( hbo ) via,[trump]
joe wants people who make over 4 0 0 k a year to pay more of americans want green energy because that â€™ s the future not oil and coal because we want to leave a better earth than we got,[trump]
"politics from the pulpit , he hit biden hard âœ… good for him ğŸ‘",[biden]
pence & trump do not care about anyone but themselves . clear narcissistic behavior from the entire regime . trump virus trump failed america,[trump]
democrats don â€™ t use ivanka â€™ s voting machines,[trump]
please go ahead spend as much as you want in main,[trump]
and followers bot you have no clue what its like welcome to twitter jail,[trump]
"public relations firms hired by dhhs vetted political views of hundreds of celebrities for a planned million ad blitz aimed at portraying president trump ' s response to the coronavirus outbreak in a positive light , documents released thursday say .",[trump]
"trying to pull back the veil on health care costs to encourage competition , the trump administration on thursday finalized a requirement for insurers to tell consumers up front the actual prices for common tests and procedures .",[trump]
this coming from the guy who cozy â€™ s up to people like putin and kim,[trump]
they do donald they â€™ re called volunteers,[trump]
nebraska gives its vote to who wins the electoral vote so good luck i know it â€™ s my home ya you might have fans here but you better go to the hicks in the sticks because the city is about / democrats and we really need to redraw the electoral votes,[trump]
these people wouldn â€™ t be so empowered with out the enabler in chief,[trump]
it â€™ s more like and that â€™ s with out premedical condition but let â€™ s say you are right we got million people so that â€™ s still million people the way you and your sycophants followers that won â€™ t wear masks if we can â€™ t find a vaccine,[trump]
follow for updates on tonight ' s trump rally in omaha .,[trump]
we add at least judges because this court is to conservative so it â€™ s even this court hasn â€™ t been this conservative since and the majority of americans are not being resented,[trump]
i heard michigan is turning blue because you abandoned the farmers and killed the auto industry with your tariffs,[trump]
enjoy jail bot,[trump]
it â€™ s amazing how stupid you people are we are not going to defund police we just want kick out the white supremacy ones but some how you think that â€™ s a bad thing,[trump]
get my bot cage and my lasso it â€™ s time to rangle up bots enjoy jail bot,[trump]
dear arizona you deserve better leadership than you have had in the past so vote blue to make it come true,[trump]
biden he believes in science and climate change and blm and lgbtq rights,[biden]
still trying to ride on your dads coat tails talk about sad,[trump]
it â€™ s bleak if biden wins too . if we are being honest .,[biden]
"you already have , twit .",[trump]
you â€™ re going to prison you â€™ re hole criminal family will be joining you,[trump]
"so joe biden , preston love , , and ? got it . thanks , ne gop !",[biden]
matt is trumps personal ball washer and i don â€™ t mean golf ğŸ˜‚ ğŸ¤£ ğŸ˜‚ ğŸ˜… ğŸ˜‚ ğŸ¤ª,[trump]
beijing biden and ukrainian joe,[biden]
"â€œ family biden , that â€™ s who the chinese wanted access to â€",[biden]
"if trump like - wins , i am crying real tears and moving in with the titanic",[trump]
days and you â€™ re done someone in the white house staff better start counting the silverware,[trump]
right wing violence the kenosha shooter the oakland shooter the vegas church burning down the minnesota police station burning down the attempt of kidnapping a governor the texas mall shooter the california shooter the wisconsin shooter,[trump]
i dropped trump from tweet and have had nothing but positive remarks and confidence fromm all that i have read ! no more negativity ! ! !,[trump]
your daily election update : biden says trump turned ' crisis into a tragedy ' ; trump takes economic message to michigan ; and more .,"[biden, trump]"
more yapping to discourage trump voters using their feet to vote âœ…,[trump]
"biden claimed of the lincoln student vote , winning every school except wysong and kloefkorn elementaries and lincoln christian , raymond central and malcolm high schools ( they went for trump ) . what do you think is biggest influence in students ' vote ?","[trump, biden]"
not a chance we have your never trumpers a small group of republicans and independents won â€™ t be as easy to fool joes going to win both the electoral college and popular vote huge landslide coming,[trump]
more people are registered to vote since taff because of this clown,[trump]
don â€™ t bother he â€™ s a bot look at how long he â€™ s been here with followers ğŸ˜‚ ğŸ¤£ ğŸ˜‚ ğŸ¤ª,[trump]
"my grandma ( ) tends to call you every name but yours . ğŸ˜‚ she has done it for decades . as for weird sh*t biden has said , this is tame .",[biden]
trump = fascism hitler fake press trump fake news hitler used one news paper to spread his propaganda trump has fox news hitler used the church to come to power trump did the same hitler loved propaganda trump same,[trump]
trump slurs like a novocain victim talked about dating his daughter thought washington stormed airports talked about cleaning fluid injections and sticking lights in are body told california to rake it â€™ s forrest,[trump]
"day out , the fight over pennsylvania heats up , while biden makes play for ohio . get the latest headlines , photos and more from election ' s final sprint .",[biden]
if this was your child you would smack him,[trump]
ok bot,[trump]
"eventually we will learn we are our own saviors . my favorite q & trump commentary is : q - â€œ these people are sick â€ trump - â€œ if we â€™ re not careful , history will repeat itself . â€ some of us read this stuff very differently . q certainly indicates a problem though we are the solution .",[trump]
"another poll , a person poll â¡ï¸ wear masks already in public . obviously not in middle ğŸ‡º ğŸ‡¸ âœ… btw , it was when in the vicinity of hunter biden âŒ",[biden]
trump and ariana plssss,[trump]
thought finland was part of russia thought he could buy greenland thought he met the president of puerto rico it â€™ s a us territory and thought nuking a hurricane was a good idea can â€™ t remember names can â€™ t remember who is running afghanistan can â€™ t remember name,[trump]
being trump only works for trump,[trump]
hello bot hope you like jail,[trump]
dear farmers of the midwest remember how much this trade war killed you in your pocket book and that he really only bailed out big farmers that really didn â€™ t need it and remember that some of those deals with china are never coming back,[trump]
go ask any republican what â€™ s trump platform because it â€™ s all bs and propaganda he has nothing,[trump]
yep i agree they are are the most dishonest news source we need a fair news act they have to admit when they are wrong in the same time slot and a fine let â€™ s see who really has to change rules u need news sources cable news should be fair,[trump]
dude must be an ugly mofo to vote for biden & mask mandates ğŸ˜‚,[biden]
not facebook niggas saying vote for trump ğŸ¤¬,[trump]
here â€™ s what the map would look like if trump only wins where woah he has trouble with the snap ! and the ball is free ! it â€™ s picked up by michigan states jalen watts - jackson and he will score ! on the last play of the game ! unbelievable !,[trump]
"biden . but tbh , kool - aid man . he will drench u if he does not win :d ( no im hoping with my life that biden wins )",[biden]
hello bot hope you had a good time in america but i just booked you a flight back to moscow don â€™ t worry i pack every plane with that cheap vodka you love â¤ï¸,[trump]
oh please trump slurs like a novocain victim talked about dating his daughter thought washington stormed airports talked about cleaning fluid injections and sticking lights in are body told california to rake it â€™ s forrest drew on a weather map /,[trump]
"really it ' s not . you should read , or learn to .",[trump]
i can imagine all the votes getting counted even after you hamstrung th usps . twit,[trump]
we all know everything on the internet is true ğŸ˜‚ ğŸ˜‚ ğŸ˜‚ ğŸ¤£ ğŸ¤£ ğŸ¤£,[trump]
what â€™ s orange hollow and needs to be thrown out in november that â€™ s right this guy,[trump]
don â€™ t let up people i don â€™ t care what the polls say keep voting they think they are going to win this with a last second surge don â€™ t let them,[trump]
the many people who drove cars into crowds the wisconsin shooter the synagogue shooter the mosque shooter the fbi is on record saying white supremacy groups are growing we know where the real violence is coming from,[trump]
these stories â€” including one that claims joe biden has stopped in - person campaigning â€” were shared widely on social media . that does not make them true . here are the facts .,[biden]
unleash the frantic tweets,[trump]
team biden harris 2020 all the way fuck trump dump trump day nov 3,[trump]
typical republicans in nebraska . i live here and i had no idea trump was even in town until i saw news coverage about it . wish omaha would of done what they do at local concerts and walkout before the headliner plays .,[trump]
"a closer look at melania trump and jill biden , the impact of mail - in voting , whether undecided voters even exist and so much more .","[trump, biden]"
he met both the virgin islands and puerto rico presidents they are both us territory â€™ s the intelligence community says they can â€™ t teach him because he has a short attention span he calls people by the wrong name can â€™ t remember his kids name,[trump]
omaha trump rally read the the thread by,[trump]
republicans are the american taliban you have to play by their christian rules and no other it â€™ s what they believe in when it comes to women â€™ s rights their rules for lgbq the hole separate of church and state has been eroded,[trump]
can someone tell me how the federal government under a biden administration believes they should get percent of what i make off of my investments and they didn â€™ t do a thing wish i could make percent and do nothing,[biden]
right wing violence the kenosha shooter the oakland shooter the vegas church burning down the minnesota police station burning down the attempt of kidnapping of a governor the texas mall shooter the california shooter cinco de mayo shooter,[trump]
its abt the election but if trump wins minorities r in trouble and if biden wins lots of conservatives may riot which can get dangerous ! just be safe is all,"[trump, biden]"
it â€™ s not suppressing if it â€™ s propaganda you have a problem with telling the truth,[trump]
and outside of biden appearances more trump peaceful protestors âœ…,"[trump, biden]"
at least yours will come back think of all the soybean farmers to have to sell pennies on the dollar,[trump]
it ' s a pretty poor indicator of where we are as a nation when you consider the # of people listening to him & agreeing with his fatalistic view of the countries future should biden / harris win . vote biden harris to save america,[biden]
i can â€™ t but to feel really sorry for are medical personal during this administration i can â€™ t even express how much my heart bleeds for them,[trump]
trump did that . trump virus trump failed america,[trump]
even the white house lies when trump lives in it .,[trump]
by incompetents yes we can â€™ t get the economy back tell we fight this pandemic we can â€™ t fight the pandemic tell we have a national plan we can â€™ t get a national plan tell we have real leadership it â€™ s just that simple people,[trump]
no way main goes red all bet anything,[trump]
trump ' s america . vote blue to save america vote like your life depends on it because it does,[trump]
really looking forward to not being able to sleep tonight because i am being kept up by my brain ' s weird fascination with election coverage and my heart ' s worry about a second term for trump . us elections 2020,[trump]
it get shut down because it â€™ s russian propaganda about hunter it â€™ s been debunked but idiots can â€™ t get that through their head,[trump]
"yeah , between last quarter and this it comes out to what . . . . ? flimsy pride , twit .",[trump]
"find out how trump and biden are faring in the battleground states likely to decide election with this rundown of statewide polls , updated daily .","[trump, biden]"
"if we allowed people to declare victory half way thru , the would have a super bowl . instead , they still suck . # - 3 forever",[trump]
ss trump,[trump]
true but i was thinking of names like â€œ sleepy joe biden â€ and â€œ crazy nancy pelose â€œ there is no room for that for anyone â€™ s leaders,[biden]
beijing biden singing to his choir ğŸ¤”,[biden]
"they do it every single time , no matter the rally or time of day . scared of the truth , much ? ? ?",[trump]
here ' s some help to figure out who wins - - and when . get some clear answers to help you navigate election week . bonus : try our game to predict whether trump or biden wins !,"[biden, trump]"
republicans have been at war with public education for the last years every chance that they get they defund it and try to give more to private education,[trump]
