dems in philly suburbs are nervous . most know they have a lot of neighbors that are trump supporters .,[trump]
"exclusive : ny post ' s ' smoking gun ' hunter biden email authentic , forensic analysis concludes - tennessee star",[biden]
commentary : new revelations on the biden family scandal ; october ' s surprise part two and counting - tennessee star,[biden]
trump has frontal lobe dementia . look it up,[trump]
lies lies lies,[trump]
"you do realize that this poor man is being exploited , don â€™ t you ? he will lose his health care if it â€™ s up to trump . biden will be everyone â€™ s president , manage covid , bring back the economy , repair our infrastructure , get back to climate science and saving our planet . vote joe","[biden, trump]"
if trump is not defeated we as a country will be in really big trouble .,[trump]
trillion $ stimulus ! that â€™ s how ! wecover the economy . we did it america ! thank god we got help from both sides for the biggest stimulus ever . the cares act gave tax breaks to millionaires and billionaires giving them more than . middle class not much but an expired pua . ğŸ‡º ğŸ‡¸,[trump]
"it â€™ s about the same time i stopped caring as well . i jumped back in around , i went to mania in nyc in , including the hall of fame ceremony ( where trump was inducted , believe it or not ) but imo it â€™ s been sub par for a while now .",[trump]
"biden wins - > kkk , proud boys , redditors , and white nationalists start rioting trump wins - > blm , normal people , and lgbtq + storm the streets",[biden]
get your vote in now to stop biden and show murphy we will not stand for his power grab !,[biden]
"this year , â€œ the trump administration has rolled back important protections for student survivors by rescinding the obama - biden administration â€™ s title ix guidance . â€ will not just reinstate these protections but strengthen them . ( from joe biden â€™ s webpage )","[trump, biden]"
"attention new jersey republicans ! president trump has sent us a very important message , and wants to make sure everyone gets their ballots returned to support our gop team ! find more info at listen to the president ' s message , and return those ballots !",[trump]
gop strategy . . not just trump,[trump]
trump ! ! ğŸ‡º ğŸ‡¸ ğŸ‡º ğŸ‡¸,[trump]
"if anything trump will win the state when its called and by maybe point more then in , do not think because beto got close in means anything , all this talk about purple texas does is make republicans turn out way more in texas .",[trump]
"vote , vote , vote for joe biden ! we need normalcy back !","[biden, trump]"
nothing is growing except the money you are putting in your pocket . our tax dollars .,[trump]
"communism never works ? you â€™ re calling joe biden , a person in public service his whole life a communist ? baaaahaaaahaaaa ! ! vote joe","[trump, biden]"
just reminds me of the late john mccain who said to woman who was wrongly criticizing barack obama he said â€œ no ma â€™ am he is a good man who i happen to disagree with on policies . perhaps trump could have learned . oops . sorry trump learns from no one,[trump]
what â€™ s this a bunch of on joe biden . it shows phone numbers and a pipe for smoking . you hit it big with the smoking gun or smoking hunter . damn bro thanks for the laughs,[biden]
can you spell tsunami ? trump terroism,[trump]
trump shut down a pandemic office specially designed to fight diseases like covid . this is his fault and it has nothing to do with states . if you can â€™ t concede that colossal mistake then you â€™ re part of the cult .,[trump]
the stock mrkt is flying in a downward spin . over pts in days due to covid climbing daily . here we go again . thanks donnie boy . not ! ! ! ! ! ! ! ! !,[trump]
philadelphia d.a. tells trump â€œ leave philly alone â€,[trump]
"that being said , if they vote for you , there will be no kids bc you â€™ ll kill them all with your moronic pandemic denial .",[trump]
"protesters bring horse to ag bill barr â€™ s house , demand he lock up joe biden . lock biden up and his crooked family he â€™ s compromised",[biden]
save the american dream ? ! we had the dream . now i want my kids to have their american dream . i have cirrhosis from hepatitis c . the hep c was cured thanks to powerful medicine & aca . american dream to no aca . that would be a nightmare .,[trump]
the only corruption that was done and is still being done until we vote you out is from you and your family .,[trump]
these big announcements will be same as the most beautiful healthcare trump has been threatening unveil for four years .,[trump]
i always hire reality tv show hosts to run my country into the ground . fool me once vote joe biden to save america,[trump]
hope biden doesn â€™ t get in or we won â€™ t have any,[biden]
biden supporters are already getting their molotov cocktails ready for their mostly peaceful protests .,[biden]
biden supporters are already getting their molotov cocktails ready for their mostly peaceful protests .,[biden]
power over people blatantly openly displayed . vote him and all his followers out with trump if we want to restore our democracy . it is on the ballot,[trump]
because there is no biden corruption . there â€™ s only trump corruption . we â€™ re reading your lawyer â€™ s book disloyal and listening to his podcast mea culpa . we are getting the real scoop !,"[biden, trump]"
"yeah sure , things are shitty now , but just wait til the guy in charge right now gets re - elected",[trump]
shameful,[trump]
"ever think if you didnt run for presiden , trump would not be president . happy birthday !",[trump]
a vote for biden is a vote against trump . that â€™ s how i reconciled it . ğŸ˜‰,"[trump, biden]"
is corn - pop going to vote for biden along with all the kids that used to rub his curly hair legs who are grown now,[biden]
what about ivanka ' s patents,[trump]
shhhh . . . . your irrelavant ! the only good thing about you is that your loss made trump president . crook !,[trump]
this is how trump bribed them to make nice to israel so he could have â€œ accomplishments â€ to campaign on god only know what he promised the others . we are in so much trouble .,[trump]
it ' s interesting that the hunter biden laptop scandal seems to have had no impact on the prediction markets . it ' s probably because the media has been pretty successful at either hiding it or deceiving people into thinking it is russian disinformation .,[biden]
it ' s interesting that the hunter biden laptop scandal seems to have had no impact on the prediction markets . it ' s probably because the media has been pretty successful at either hiding it or deceiving people into thinking it is russian disinformation .,[biden]
"as he lets washing machines roll down the street right out of stores ? how about the can of explosives form last pm , has that driver been charged ? does he even know ?",[trump]
"i think donald trump is the buddy ryan of presidents . all bluster , a fan favorite but ultimately sent packing .",[trump]
"ballrooms , candles and luxury cottages : during trump â€™ s term , millions of government and gop dollars have flowed to â€¦ trump â€™ s pocket . my fave is for a glass of water !",[trump]
i will not vote for him on a boat . not even on a goat . see ? . . your rhyme scheme is easy .,[trump]
hunter biden admits to having a deal with the spy chief of china via,[biden]
"\ the only time he talks \ "" \ "" policy \ "" \ "" which is usually just generic and vague \ "" \ "" the best economy ever . . . \ "" \ "" it ' s from the teleprompter what dale reports is all the batshit insanity that comes directly from inside his skull \ "" """,[trump]
by this logic u shouldn â€™ t be upset that trump is a response to obama .,[trump]
"trump doesn â€™ t care for the welfare of his own family ! because of his incredible incompetence , his wife and youngest son got infected with covid - . what makes you think he gives one damn about you when his entire staff got infected ? biden cares",[trump]
too busy looking into you . your own bill barr said there is no corruption from the bidens . just the trumps .,[trump]
"lol , such a child",[trump]
why is no one making office jokes :(,[trump]
and here we go ! democrats are refusing to let a trump pollwatcher in so they can stuff the ballot box,[trump]
the money probably came from the billion dollars the trump campaign / rnc mysteriously blew in a few months with nothing to show for it .,[trump]
"yes there are tools to do it . which is it though ? photoshopping , using wfake commercials . you â€™ re using low blows and other fear tactics so people believe we will fail without trump ! we can and will do better !",[trump]
watch this & laff @ trump ! ! ! !,[trump]
nj loves you ! new jersey turning red ! ! ! light it up red ! ! ! trump train maga kaga donald trump is your president weather you like it or not,[trump]
god bless america and don â€™ t vote donald trump he turned america 4 worse . i â€™ m ashamed i believed in him !,[trump]
biden â€™ s winning florida it seems ğŸ‘€,[biden]
joe biden looked the other way while he knew hunter was molesting his year old granddaughter,[biden]
shocking ?,[trump]
"the â€œ fake media â€ is too busy reporting on the hundreds of people left out in degree temps in omaha because there were no busses or shuttles to get them out . as usual , you left them â€œ out in the cold . â€ vote joe",[trump]
until she crosses you ! !,[trump]
biden family scandal : seven uncomfortable realities confronting the democrat nominee - tennessee star,[biden]
"people are not stupid . they know you continue to lie . how many people died today because of you and your virus . we need to listen to dr . fauci , not you . he knows what he is talking about .",[trump]
"what a great slogan . â€œ i wrecked the country but give me a chance to make america great again , just like it was when joe & obama handed it over to me . â€ vote joe biden",[trump]
"exc : hunter called another foreign spy chief a ' close friend , ' met kgb - linked man with joe biden",[biden]
breitbart is a white nationalist periodical and as a christian we do not support racist comments . if u are reading this information and then repeating it makes you guilty of the offense .,[trump]
under obama / biden you were told lies,[biden]
"damn how great would it be if she was team biden . i know , she ' s just as bad as he is . but when biden wins , she will be able to divorce him sooner .",[biden]
biden wins by a landslide in my opinion .,[biden]
i would like to hear *specifically* what would do differently right now to fight covid - from what is currently doing . we never hear him talk about that .,[trump]
i would like to hear *specifically* what would do differently right now to fight covid - from what is currently doing . we never hear him talk about that .,[trump]
and you are bought by russia . . . china . . . crown prince . . . iran . . . zuckerberg . . . new york post . . . foxnews . . .,[trump]
looks like the media is paving the way for the joe biden impeachment so kamala harris can destroy the country .,[biden]
"they have short term memory , i bet when trump goes on to win in they will say the same stuff",[trump]
biden â€™ s texas political director accused of being involved in illegal ballot harvesting,[biden]
i think this is bad for trump . i can not imagine millions and millions of new people suddenly voting for trump but i can easily imagine millions of new people voting against him .,[trump]
' borat ' star sacha baron cohen offers trump a role in next film : ' you will need a job ',[trump]
"why do you keep asking trump these kinds of questions , do you think that he would suddenly have a different well thought out coherent answer ?",[trump]
i â€™ m a senior voting for biden . trump â€™ s new budget weakens social security and medicare . trump cut social security,"[trump, biden]"
"i am not saying that , and your original tweet was about nj . i just think the maga folks are grasping at straws and hoping the mail in ballots get screwed , lost , or nullified by the courts . which is not a great endgame strategy . trump needs everything to go his way .",[trump]
is not going to be happy with rudy . how could he out don jr . like this ? it â€™ s really sad .,[trump]
"oh o , trumps boss sees the writing on the wall and has no more use for his loser puppy .",[trump]
what paperwork ? laid out by who ? what makes them credible ? why can they be trusted ? how do you know its true ?,[trump]
we stopped shopping in home depot years ago because of his trump support .,[trump]
"who cares . comparing biden possibly saying something insane to a foreign leader , next to trump who constantly says batshit crazy stuff to foreign leaders whenever he gets the chance . i will take my chances with joe , just biden my time until","[biden, trump]"
the problem is that biden may be more electable because he is more moderate .,[biden]
the problem is that biden may be more electable because he is more moderate .,[biden]
my guess is that antifa will conduct direct action if trump loses as well . destruction and violence gives meaning to their meaningless and pathetic lives .,[trump]
my guess is that antifa will conduct direct action if trump loses as well . destruction and violence gives meaning to their meaningless and pathetic lives .,[trump]
"hunter biden is single handedly keeping laptop repair shops in business , thank goodness rudy knows all of them , his â€œ october surprise â€ expires at midnight , â€œ november surprise â€ just does not have the same ring . ğŸ˜‚ ğŸ˜‚ ğŸ˜‚ ğŸ˜‚",[biden]
its clear our country is divided under trump from trumps inability to try to find common ground and unite america . he lives to rip us a part . biden is accurately acknowledging our country ' s wounds and saying its time to bring it and unite us . its very clear .,[biden]
trump is a criminal .,[trump]
i hope trump wins every state .,[trump]
i have a plan . trump,[trump]
pretty big difference,[trump]
that ' s why i am not voting for epstein and clinton ' s best buddy donald trump .,[trump]
"listen : audio reveals hunter biden â€™ s relationship with patrick ho , â€œ the f - cking spy chief of china â€",[biden]
"deroy murdock : trump ' s latest mideast peace deal buried by abc , cbs , nbc in sand dune",[trump]
uh ? fucking no .,[trump]
"this is all an elaborate hoax to hurt the great white hope , president trump , from overcoming this fraudulent election . isnt the recent surge of cases a coincidence ? right before the election ? europe is on it too ! gay frogs ! its a plandemic",[trump]
my condolences to the biden family about the suicide ğŸ™,[biden]
makes me tired of bs from him,[trump]
he never will . trump terroism,[trump]
biden â€™ s fraud as usual,[biden]
"no senior should vote for trump . he is going to take away your healthcare , social security , voting rights , women â€™ s rights .",[trump]
the election will not be over on election day . there is no more election day . now there is election time . million have already voted and states won â€™ t begin to count absentee votes until nov . . vote joe biden,[trump]
say what ? you are still the king ğŸ‘‘ of corruption,[trump]
democrats do not require evidence to make a claim ( e . g . russian disinformation re : hunter biden ' s laptop ) .,[biden]
democrats do not require evidence to make a claim ( e . g . russian disinformation re : hunter biden ' s laptop ) .,[biden]
you wouldn â€™ t want your hair to blow around and reveal your bald pate ! vote joe,[trump]
"trump is disrespectful to all . he is , with no doubt , a racist ! ! ! he hates the human race and is the lover of his ego . . . . . ğŸ’¯",[trump]
"the way you have handled the pandemonium , we sure as hell need biden to make america great again ! vote biden harris 2020","[biden, trump]"
i cringe whenever i hear biden say that we need an honest president . biden has been lying through his teeth . he repeats things about trump that were debunked long ago . he also changed his policy stance on many issues after securing the nomination . he can not be trusted .,"[biden, trump]"
i cringe whenever i hear biden say that we need an honest president . biden has been lying through his teeth . he repeats things about trump that were debunked long ago . he also changed his policy stance on many issues after securing the nomination . he can not be trusted .,"[biden, trump]"
"joe biden is a closet racist . people let that dunk in . he lies over and over . he â€™ s running mate called him out on racism and yet she latched right on , what â€™ s that tell you",[biden]
and on the left / express side of the parkway too . these fucks . i hope this was on the radio so people could avoid that side and stay to the right .,[trump]
donald trump â€˜ a maralago was the first ever golf club / social club that allowed jewish people and black people ever allowed to be a member . no one talks about this and it â€™ s a fact trump pence 2020 best president ever 45,[trump]
the last man standing,[trump]
women for trump . i â€™ ll never get it .,[trump]
"i am praying you lose . you / the gop don â€™ t give a crap about ordinary tax paying americans . because of trumps incompetence + americans are now dead with you cheering him along . families are hurting , what do you do ? push through a loser to end the aca in the middle of covit .",[trump]
trump ! ! ! ğŸ‡º ğŸ‡¸ ğŸ‡º ğŸ‡¸ ğŸ‡º ğŸ‡¸,[trump]
yup sure looks like a biden win in pa ! hahahaha . never happen .,[biden]
here ' s the problem . even if true ( it ' s not ) you have lied so much and so frequently that no one but your dwindling base believes you .,[trump]
biden also sponsored legislation that put a lot more african americans in prison . i think more black americans are finally coming to terms with the fact that democrats are not their friends .,[biden]
biden also sponsored legislation that put a lot more african americans in prison . i think more black americans are finally coming to terms with the fact that democrats are not their friends .,[biden]
"there are witnesses , texts and emails along with contracts involving the biden â€™ s",[biden]
still waiting for business school to congratulate,[trump]
i refuse to do anything biden says,[biden]
disgusting,[trump]
"i feel kinda bad for trump supporters - we have got the boss , olaf and paul rudd and they are stuck with this dipshit",[trump]
"not to mention she is buddies with president obama . trump knows he is inferior intellectually but he is also jealous , he really thought he would be embraced the way pbo was / is , in that space between his ears he decided it was his right as potus , wrong !",[trump]
the pot calling the kettle black,[trump]
biden will be â€œ a solid . â€ vote joe biden to save america,[biden]
but sleepy joe claims he would .,[trump]
"yeah , but if trump is ahead a couple votes in minnesota , then he won michigan and wisconsin",[trump]
"explain why you did nothing on as a christian you will be held accountable for each and every person sick , dying , or died .",[trump]
the grumpy economist : rhetoric of economic policy - - biden plan analysis,[biden]
the grumpy economist : rhetoric of economic policy - - biden plan analysis,[biden]
trump,[trump]
"dems should pack the court , but i don â€™ t think biden will do it",[biden]
the interview from last night was bad for biden ! you may want to watch it and get your talking points ready .,[biden]
share everywhere because he was aware of biden â€™ s corruption follow the money,[biden]
too bad he thinks that people who serve are losers and suckers . vets against trump,[trump]
oh god can â€™ t wait to see how joe biden defeats flu deaths this winter .,"[trump, biden]"
"which makes me think , you guys are saying shit is rigged , i agree . it â€™ s rigged in trumps favor but he â€™ s still gonna get clapped",[trump]
. yes vote,[trump]
counting votes takes time if you want an accurate result . and no one is talking weeks .,[trump]
you deliberately lied to us about the trump covid - virus . you have killed so many americans . no one can or should vote for you . your son said the number of deaths is nothing . did you speak to herman cain â€™ s widow and apologize to her for killing her husband ?,[trump]
under your watch 2 2 0 k people died,[trump]
should be the biggest story in the country ! joe biden is corrupt and compromised by china .,[biden]
and dick pics . don â€™ t forget about those . ğŸ™„,[trump]
"what do the early voting numbers say ? and of course the money going to biden to win the popular vote , but trump has a majority of the money that â€™ s been put on fl , tx , mi and pa","[biden, trump]"
"giuliani : hunter biden ' s laptop contains images of underage girls , evidence given to delaware state police - tennessee star",[biden]
"of all demographics , trump really thinks the black youth is voting for him ? lmao",[trump]
trump is a malignant narcissist which means he cares nothing for anyone but himself . he can â€™ t . it â€™ s part of his mental illness . he infected his family with covid - ! what makes you think he cares a twit about you or me ? america or trump,[trump]
i think they are boarding up and preparing for a trump loss . america ' s version of isis was put about this past weekend .,[trump]
is this a call for assassination by trump ? ?,[trump]
biden stays silent on bobulinski claims about family ' s business ventures i know nothing fox news,[biden]
"shame on biden especially since trump already cured covit . so what if nearly americans are dying daily , that is a part of the happy positive part of the trump cure .","[biden, trump]"
you should own texas you dummy . it shouldn â€™ t even be in play ! romney won it by ! trump terroism,[trump]
this is great ! !,[trump]
ask michael cohen why you ran .,[trump]
"this whole mask thing is bullshit worldwide . it â€™ s to control us . where we go , what we do how we vote . trump",[trump]
omg he â€™ s crying cus biden â€™ s son is getting more pristine ass than all of trumps sons combined ? ? ? grow up bro,"[trump, biden]"
vote the pig out . we need president biden .,"[biden, trump]"
the feckless enforcement of hatch act violations which has been abused regularly by trump people,[trump]
"really ? to me , trump looks supremely confident and has amazing energy and enthusiasm despite doing or rallies a day . i do not know how he does it .",[trump]
"really ? to me , trump looks supremely confident and has amazing energy and enthusiasm despite doing or rallies a day . i do not know how he does it .",[trump]
i was just adding to what you said .,[trump]
maine recognizes what a disaster you have been as president of the united states . you are going down and so is susan collins .,[trump]
under your administration more people have been unemployed since the great depression .,[trump]
"this is why the entire gop must be defeated starting with trump . they always scream the loudest about voter fraud when they are only ones pulling all kinds of crap in order to win . they tried the same thing with kanye . the gop has to go , they are a threat to democracy .",[trump]
"oh , he kissed fake malaria on the cheek , he would have had to pay way more for the lips and both trump and the campaign are broke .",[trump]
hunter ' s ex - business partner tony bobulinski : ' joe biden and the biden family are compromised ' - tennessee star,[biden]
"yes , bill , the trump people ( the trumpkins ) are a real problem after the election . trump has mass - hypnotized them into believing what he says . they will vote for trump even if he shoots someone on fifth ave . trump knows them well .",[trump]
so biden wins,[biden]
amen . i â€™ ve been screaming this since trump won the nomination in . it â€™ s like folks were afraid to say the word â€œ liar . â€ not anymore . joe biden for president 2020,[trump]
trump supporter caravan just shut down the orient way bridge ! ! !,[trump]
"d â€™ s are up at the moment , with r â€™ s election day push still to come . looking good for trump in fla",[trump]
"we as a country are forever in your debt . not many people would put themselves on the line for the country , that takes true character . thank you .",[trump]
"\ the above mentioned are not \ "" \ "" principles \ "" \ "" no wonder he votes trump",[trump]
that was about miles north of where i passed the group i saw . the southern group of about cars wasn ' t trying to block traffic .,[trump]
"vote for president biden ! we need someone who is honest and does not keep lying to us . trump has killed so many americans with the trump covid - virus . he downplayed the virus so he would not look bad . well , how does he look now with blood on his hands ?","[trump, biden]"
"ummm you do know the deficit went up under trump as a result of the unpaid for tax cuts for the rich scheme i mean law , right ? google know all about it .",[trump]
joe biden has no plan for covid except using everything already in place under donald trump . a vaccine is ready to be distributed - and that â€™ s because of trump not dementia joe,"[trump, biden]"
so that ' s what you do if someone crosses the line ? huh jo . . . seph ? you smash into them ?,[trump]
voted for ğŸ‘,[trump]
trump and the stooge he put in charge of the post office is what happed to voting by mail . we know what the losing bastards were trying to do so we had to work around them .,[trump]
now fox news if fake media ? tell your base so they stop watching . vote biden harris 2020,[trump]
"the one who can actually walk down stairs without rails . the other loser is now spreading covit via helicopter , he has to go .",[trump]
i do not how you are not brain dead at this point from spending so much time listening to his insanity be careful you may never recover from the trump trip,[trump]
country over conman you are right on point . trump said he would use his personal finances if he gets no more contributions ( donations ) for his campaign . he hasn â€™ t used his but he tried to use million of taxpayers money for his campaign and couldn â€™ t . stronger with biden,[trump]
you are the american nightmare . dead americans vote joe biden to save america,[trump]
â€œ what i decided to do was to deal with the things that gave me purpose â€ - biden,[biden]
thank you ! ! ğŸ‘ ğŸ» ğŸ‡º ğŸ‡¸,[trump]
"this entire thread has me crying but this made me cry from happiness . i don â€™ t know this doctor but i know that thousands of people owe their lives to him , something trump will never understand because he is a selfish prick . we have got to get that cancer out of the whitehouse .",[trump]
you â€™ ve been the president of flint for years . what did you do ? ? ? bungled a pandemic that has americans dead . vote him out,[trump]
last night you left people out in the cold . we are going to do the same to you . people had to go to the hospital because of you . we must vote him out ! he only harms the citizens of america .,[trump]
vote for donald trump ! joe biden is unethical !,[biden]
it was just under d â€™ s + trump stil won by points in,[trump]
i anticipate an overestimation of biden support and underestimation of trump support . a cautious approach would be to cut in half whatever lead biden has in polling . any state less than biden + in polling is likely in play .,"[biden, trump]"
trump leaving the white house is the best to come !,[trump]
"msnbc please continue the air time of the obama , and biden speeches . you owe us .",[biden]
more cases of the trump covid - virus everyday and you do not even want to talk about it . you are a stupid fool . all these deaths and more people getting sick everyday is your fault . you downplayed the trump covid - virus .,[trump]
no you just love that those lunatics love you there ' s a difference shithead trump terroism,[trump]
if trump is not making you crazy - you already were,[trump]
i thought you were a christian . jesus tells us to love one another love our neighbor love our enemy why did you leave the evangelicals . presbyterian church . are you aware the prosperity gospel is not biblical .,[trump]
gratuitous cruelty . my name is trump,[trump]
joe biden will give our jobs to china . called blacks people super predators his own running mate called him out on racism but she sold out anyway . joe is corrupt,[biden]
"where â€™ s the proof , bunker boy ?",[trump]
"i dont disagree , and i wasn ' t participating , just driving by . oh well , twitter is awesome ! i have been called ' twat ' by a guy named wookey , and ' dingus ' by a guy name matzo ball ! way to go ! see if i ever report the news to you again ! ! ğŸ˜·",[trump]
biden will raise taxes on those americans earning more than a year . as a public school teacher this is not my worry .,"[biden, trump]"
i am looking forward for biden corruption being reported on media outlets . do you care about this country or just how much you can make from it or your socialist ideology,[biden]
"they all are , i have not seen one ad where any republican even mentions trump in passing . what i have seen is their sudden love for health insurance , it would be funny ( seeing as how they tried to kill the aca over times ) if it were not so serious .",[trump]
this better not be nigeria,[trump]
"represents trump , putin and anyone who would give him a buck . what he does affects the entire united states not just south carolina . he couldn â€™ t care less about the people of south carolina or the united states . sc , please retire lindsey by , please .",[trump]
all your bagels will be soggy and amazon will lose your packages . under a biden administration everytime you walk your dog she will have diarrhea . your mom will call to wish you happy birthday days late and birds will poop on your car as you drive away from the car wash .,[biden]
this + the gop effort to stop states from counting votes early reminds everyone this is just self serving rhetoric .,[trump]
"if you are a senior and have not voted , you must vote trump out .",[trump]
more than million people mailed in their votes . . and the dems were hoping ( and they thought ) it would be enough ( because they knew that favors them ) . . . but the red wave was huge today - larger than anyone expected . . . trump is going to win big .,[trump]
"to all cuban americans , he has killed so many cuban americans with the trump covid - virus . he knew about it in january but wanted to downplay it .",[trump]
"i want trump to win because he is far less detrimental to our freedom than democrats . democrats will take every available opportunity to expand gov ' t , and it is often difficult or impossible to reverse ( e . g . soc . sec . , medicare , medicaid , obamacare , etc . ) .",[trump]
"i want trump to win because he is far less detrimental to our freedom than democrats . democrats will take every available opportunity to expand gov ' t , and it is often difficult or impossible to reverse ( e . g . soc . sec . , medicare , medicaid , obamacare , etc . ) .",[trump]
"joe biden is just the man for this job ! his wife , dr . jill is an educator ! biden","[trump, biden]"
they are giddy over biden ' s crowd size actually,[biden]
it was like trump taking all the credit for how well our economy was doing . he discredits obama like he had to fix something . in fact his biggest feat was the tax cuts for the wealthy like himself . the negatives far outweigh any accomplishments !,[trump]
i am sure that the biden family ' s lawyers are telling them to keep quiet .,[biden]
i am sure that the biden family ' s lawyers are telling them to keep quiet .,[biden]
just cause we picking them over trump does not mean we fck with them . idgaf about her sneakers .,[trump]
very well written . with age comes wisdom trump,[trump]
did they also predict biden ' s . . . like jail ?,"[trump, biden]"
this was an autocorrect and you just meant to say kunt . . . right ?,[trump]
"my mother has been dead for years . if you â€™ re not a russian bot , your grammar and punctuation are horrendous . vote joe biden to save america",[trump]
you have got all the phrases and catchwords down - repeating verbatim the trump propaganda you are very obedient i hope you make a full recovery when this is over peace out âœŒ ï¸,[trump]
the cruelty of trump is what amazes me . he claims to be christian yet he spews hate and discord . he claims to care yet everyone who comes near him perishes . do not buy into his foolishness . do not buy into his whataboutism . do not buy into his gaslighting .,[trump]
all you need to do is goggle it . you â€™ ll see the closet racist biden,[biden]
this proves they only care about trying to piss people off . most trump supporters are clueless in politics . they just love spreading hate .,[trump]
he â€™ s a friggin mess joe biden ' sounding increasingly vague and confused ' via,[biden]
is a re - election of trump more bullish than a biden - victory for us equities ?,"[biden, trump]"
"a few weeks ago , there was an announcement from one of rudy â€™ s friends that they seized another hunter biden laptop in ukraine , i am waiting with bated breath to find out the october surprise they manufactured , i mean found on it . is it just me or are they really bad at this ?",[biden]
"no , your only interest is yourself !",[trump]
i agree and happy to vote for joe biden to lead our country . his vision for america combined with strong character is reason for my vote . getting rid of trump is just a bonus .,"[biden, trump]"
"you are taking away social security , healthcare . women â€™ s rights , voting rights , equality fir all . florida , you must vote trump out !",[trump]
i don â€™ t know how he does not have a nervous breakdown .,[trump]
"we already know that democrats will not accept a trump victory as legitimate , just like they did not accept bush ' s victories or trump ' s first victory .",[trump]
"we already know that democrats will not accept a trump victory as legitimate , just like they did not accept bush ' s victories or trump ' s first victory .",[trump]
trillion $ stimulus ! that â€™ s how ! wecover the economy . we did it america ! thank god we got help from both sides for the biggest stimulus ever . the cares act gave tax breaks to millionaires and billionaires giving them more than . middle class not much but an expired pua . ğŸ‡º ğŸ‡¸,[trump]
good luck with that . you might want to start packing because we are biden our time until . see ya don .,[trump]
the left / media will say that it is russian disinformation that biden did not win the election .,[biden]
the left / media will say that it is russian disinformation that biden did not win the election .,[biden]
stupid is as stupid does . vote them out,[trump]
"thank goodness , if you ever want to know what trump is up to , listen to what the projection king says about others .",[trump]
trump truck parades : expect congestion at someville traffic circle,[trump]
you might want to do some research .,[trump]
i ' m proud to announce my endorsement of presidential - hopeful hunter biden for president of the united states i believe with hunter in the white house we will see true change in the way our laptop and phone privacy is respected . he will win despite the awful smear campaign ! ! !,[biden]
cnn â€™ s jim acosta cries about trump supporters chanting â€œ cnn sucks â€,[trump]
no sweetie he did not,[trump]
"i am pretty sure all of biden â€™ s attendees are alive , can you say the same for the â€œ very fine people â€ attending the super spreaders ? the upside is that - weeks after each spreader the overall iq of the country inches up a notch , the downside are people the geniuses infect .",[biden]
i knew you would say something about it like you had a hand in it ! ! lmao mr . trump,[trump]
trump hates dogs,[trump]
i bet on trump,[trump]
it â€™ s like putting up a year old in my opinion . . . . . . . . ex - white house physician ' convinced ' biden not fit for office .,[biden]
reddit - texaspolitics - joe biden ' s texas political director dallas jones accused of illegal ballot harvesting,[biden]
"most definitely not my idol , and i sure as hell hope you aren â€™ t anyone â€™ s idol either . are you proud of voting for biden or will you continue to not answer the question ?",[biden]
exclusive : hunter biden audio confesses partnership with china ' spy chief ' . . . joe biden named as criminal case witness,[biden]
he ' s too busy talking to russian spies that he thinks are just normal russian prostitutes because we all know russian prostitutes are elite hackers with emails from hunter biden . tomorrow he will buy the brooklyn bridge .,[biden]
"vote for biden , so we can lock down the country over a virus that has a survival rate . yaaayyyy",[biden]
stop ! ! ! ! show me your list of the people who influence trump .,[trump]
just a takeaway looking back at the data . obviously there ' s a ton of other factors at play but i would not consider biden safe in any state where he does not at least hit that threshold in rcp state polling averages .,"[trump, biden]"
resigning ? ? ğŸ™ ğŸ™ ğŸ™,[trump]
flag says - i love pres trump who the fuck loves politicians ? they are so demented,[trump]
trump is looking good to win the electoral college,[trump]
seems way under talked about that the us has a system where trump has no chance of getting a majority of citizens to vote for him but a fairly significant chance to be president,[trump]
they are copying everything from the trump campaign . trump ğŸ‡± ğŸ‡·,[trump]
"hilarious , george . well , javanka are such kind and considerate people , as is the evangelical trump , i ' d say , take the billboards down when trump leaves office . . . when you get a chance . but if trump keeps interfering , leave them up .",[trump]
lol the stock market is gonna crash and somehow y â€™ all are gonna blame biden,[biden]
it looks like trump is executing a scorched earth campaign . make it impossible for the democratic party to recover when they win ( all over ) .,[trump]
good thing i â€™ m ready at work,[trump]
"based off the market today , it seems like wall street is confident that trump is going to win lmfaooo",[trump]
"my father loved me , but unlike joe biden , there is no way that he would have participated in such corrupt schemes with sketchy foreign business partners .",[biden]
"my father loved me , but unlike joe biden , there is no way that he would have participated in such corrupt schemes with sketchy foreign business partners .",[biden]
go trump ! ! ! ğŸ‡º ğŸ‡¸,[trump]
anywhere he ' s not up at least is going to be close in my estimation . we shall see .,[trump]
"make sure you vote today . trump , biden , mickey mouse , does not matter . make your voice be heard . vote",[biden]
ğŸ‘ ğŸ‘ ğŸ‘ ğŸ‘ ğŸ‘ trump . winning,[trump]
"you need to remember republican ' s are already voting for trump . put ads on cbs , nbc , abc , msnbc , cnn . your speaking to wrong audience . post europe covid numbers vs us . get to the liberal media ! ! ! fox watchers are already voting for trump . do televised national rally ! ! facts .",[trump]
"is there another candidate running for potus ? my bad , please tell me who i should reference that â€™ s not trump .",[trump]
the trials of your family after you leave office will be televised and will get huge ratings ! you can produce a reality prison show ! jared â€™ s dad has experience ! trump terroism,[trump]
this video alone may make trump win the election . . .,[trump]
god doesn â€™ t give anyone freedom . our forefathers and mother â€™ s fought and bled for it . vote joe biden to save america,[trump]
yeah cdc isn â€™ t trustworthy anymore since trump dictates what they do .,[trump]
you are the most mean spirited person alive . there is nothing decent about you . i am sure your mother hated you .,[trump]
lock them up !,[trump]
usd / jpy : undervalued ; to head higher on a clear biden victory or a surprise trump victory â€“ credit agricole,"[biden, trump]"
"i â€™ m not reading aboutbiden â€™ s record of paying off prostitutes , filing for countless bankruptcies , committing tax fraud , using his office to enrich his entire family , promote white supremacy , have 1 8 of his staffers in jail . i could go on but i â€™ m bored with trump already . votejoe",[trump]
wait what ? ğŸ¤¦ â€ â™‚ï¸ ğŸ¤¦ â€ â™‚ï¸ ğŸ¤¦ â€ â™‚ï¸ i can do one also : not every trump supporter is a white nationalist but every white nationalist is a trump supporter,[trump]
pence / trump,[trump]
sexual predator trump . when there are hundreds of photos of biden inappropriately touching children and women . got it .,"[trump, biden]"
i knew we did great wit clinton then bush got us toward a recession that obama had us good again . yo - yo years are fudged .,[trump]
"breaking news : joe biden has not been the president for the last four years , your anger is misplaced .",[biden]
"her non - answer was an answer , how can she not be involved in presidential politics when trump is on the ballot , is she saying she is not voting at all on / ? i am surprised she didn â€™ t declare how troubled and concerned she was ğŸ™„ ğŸ™„ ğŸ™„",[trump]
"trump does not seem to be pushing herd immunity . he has been saying that the cure can not be worse than the disease , which is hard to argue with . you *could* argue whether lockdowns are worth the pain , but i do not find such arguments compelling .",[trump]
"trump does not seem to be pushing herd immunity . he has been saying that the cure can not be worse than the disease , which is hard to argue with . you *could* argue whether lockdowns are worth the pain , but i do not find such arguments compelling .",[trump]
twitter can start earning our trust by immediately stopping the obvious anti - conservative bias . just look at what trends on twitter . it is obviously being managed to hurt trump and help biden .,"[biden, trump]"
twitter can start earning our trust by immediately stopping the obvious anti - conservative bias . just look at what trends on twitter . it is obviously being managed to hurt trump and help biden .,"[biden, trump]"
"if biden wins & democrats gain control of both the senate & house , you can be sure that gov ' t intervention into many areas of our life will increase significantly . that ' s not hysteria . that ' s reality . it will be difficult to reverse ( think soc . sec . , medicare obamacare , etc . ) .",[biden]
"if biden wins & democrats gain control of both the senate & house , you can be sure that gov ' t intervention into many areas of our life will increase significantly . that ' s not hysteria . that ' s reality . it will be difficult to reverse ( think soc . sec . , medicare obamacare , etc . ) .",[biden]
great support for in jersey today !,[trump]
"you are still lying about the trump covid - virus . and , you are still downplaying the trump covid - virus . you are just an empty shell . we must vite him out ! we have to start saving lives . he is killing us .",[trump]
trump is finished,[trump]
"he literally can not be wrong . if he estimates that trump only has a chance of winning ( his current estimate ) and trump ends up winning , no one can prove that his estimate was wrong ! that is what is annoying . he is like the weatherman saying that there is a chance of rain .",[trump]
"he literally can not be wrong . if he estimates that trump only has a chance of winning ( his current estimate ) and trump ends up winning , no one can prove that his estimate was wrong ! that is what is annoying . he is like the weatherman saying that there is a chance of rain .",[trump]
"stop letting media images of p / u driving , trump flag waving , micro - phallus having man - children scare you . stop spreading that fear . it â€™ s one thing to be cautious , but this isn â€™ t the fucking purge . be prepared to kick some asshole in the balls , like women prepare every damn day .",[trump]
"idgaf if you vote for biden , idgaf if you vote for trumps ğŸ˜‚ at the end anyway that knows truly about politics knows that we have to worry about who â€™ s in congress ğŸ’¯ neither biden or trump can bring the changes you â€™ re look for","[trump, biden]"
joe biden at his campaign rallies lately :,[biden]
joe biden at his campaign rallies lately :,[biden]
"trump must remain defendant in rape defamation claim case filed by e . jean carroll , judge rules in rejecting doj bid",[trump]
you are a disaster ! vote joe biden to save america,[trump]
what is the difference between trump and any gop right now ?,[trump]
the fbi needs to bring in robert hunter biden for questioning we need as voters to know everything that includes his father asap . we have the right to know before all the votes are in the biden / harris ticket should be squashed asap,[biden]
stop it . it â€™ s not working . joe is not going after guns . he â€™ s going after covid !,[trump]
"if he was pushing covit responsibility on his show why did he show up at trump â€™ s super spreader mask less ? do as i say and not as i do never works , unfortunately for him it proved to be deadly .",[trump]
so lil wayne got covid now right ? cuz trump definitely got that shit .,[trump]
"you are killing americans , lets stop the madness",[trump]
jersey for trump ! ! ! ğŸ‡º ğŸ‡¸ ğŸ’ª,[trump]
million have already voted . oops vote biden harris to save america,[trump]
imagine if trump did the same .,[trump]
joe biden at his rallies lately :,[biden]
joe biden at his rallies lately :,[biden]
"army for trump ? uh , no . i â€™ ve got bone spurs . vote him out",[trump]
"sleepy joe screwed up with the shine flu , but he claims to be the answer to covid19 .",[trump]
it saddens me none of the religious leaders have not rebuked you . you will bend the knee . every knee will bow and every tongue confess jesus christ is lord .,[trump]
low life terrorists,[trump]
does biden actually believe what he â€™ s saying ? guy lies so bad it â€™ s nauseating .,[biden]
there is no evidence of this assertion . vote joe biden,[trump]
not for the - 2 0 k trump will insist were there but then again they will pack in like sardines to make sure the super spreader exceeds expectations .,[trump]
"oh well , have a great night then .",[trump]
every puerto rican who is going to vote should remember that he threw paper towels at you . he did not give you aide when needed just a roll of paper towels .,[trump]
focus on this election and beating trump . hc had lots of baggage . the comey letter wasn â€™ t the only thing that did her in in the last election .,[trump]
we are living this now under trump . what is your point here ?,[trump]
"and ny , nj , and pa all forced nursing homes to take in patients with covid . forget trump , blame these corrupt governors .",[trump]
". you are hilarious . why don â€™ t you give your proof to trumps doj so that biden and hunter can be arrested ? being a prosecutor , da and whatever else you say you were , you should know that is what you should do , the issue is not even lapdog barr is biting ğŸ˜‚ ğŸ˜‚ ğŸ¤£ ğŸ¤£ ğŸ˜‚ ğŸ˜‚","[trump, biden]"
"biden ' s plan would raise the top capital gains rate . 9 8 x ( / ), or essentially 2 x .",[biden]
"biden ' s plan would raise the top capital gains rate . 9 8 x ( / ), or essentially 2 x .",[biden]
from ac nj . . . . biden / harris for the win ğŸ‘,[biden]
even trump said b4 he was president that the economy always seems to do better under a democratic president,[trump]
"cindy mccain continues her husband john â€™ s crusade against trump , endorses biden",[biden]
biden can negotiate with anyone because his word can be trusted .,"[trump, biden]"
trump order lets 5 th graders and their families free entry to national parks,[trump]
bullshit ! you have never paid you share of taxes .,[trump]
jack brewer says black americans will turn out for trump like no republican before,[trump]
"add another of howie kurtz panelists to the â€œ never trump â€ crew , chris stirewalt .",[trump]
apparently not true . . .,[trump]
did you know that father had said he was a loser ?,[trump]
analysis : media titans subvert reality about biden - ukraine profiteering - tennessee star,[biden]
do not you just wanna scream that in his face ? ? i can feel your anger - i feel it too,[trump]
dead you moron . trump shouldn â€™ t be allowed to pick oval office furniture much less a supreme court judge .,[trump]
"here on twitter , it is astonishing how much the trending section is pulling for biden .",[biden]
"here on twitter , it is astonishing how much the trending section is pulling for biden .",[biden]
i love the projection by trump and his family . they started with the pbamas and clinton ' s and now are saying the same lies about the bidens . sad thing is the sheep that believe king snowflake or don the con . ğŸ˜‚ ğŸ˜‚ ğŸ˜‚ ğŸ˜‚ ğŸ˜‚,[trump]
"to trump , or not to trump , that is the question . national committee of asian american republicans is against trump .",[trump]
you are a fool . there is a pandemic . state laws say ballots can be counted after election day . start packing . vote joe biden to save america,[trump]
they had terms don â€™ t be a jelly head . jealous much of obama and joe ?,[trump]
dallas jones involved in texas voter fraud for biden campaign,[biden]
just saying hunter biden didn â€™ t kill himself,[biden]
"i guess your the jack ass bc it does not matter what lanes were left , a traffic jam did happen . he said what he said . and if you feeling some type of way about my tweet come to newark nj , exit on the parkway i believe",[trump]
"you â€™ ve done a really great job ! ! ! i haven â€™ t donated to one of your vets yet , but i will next pay check !",[trump]
i â€™ m listening to trump in michigan lie and lie . he â€™ s calling joe every name you can think of . he â€™ s saying biden is taking â€œ millions and millions of dollars from china . â€ he â€™ s insulting biden and his family on every level because he has nothing to offer . vote joe biden,"[trump, biden]"
"over + cases of the trump covid - virus everyday now . cases keep rising . you have done nothing to help us . we have the worst record of every country in the world . every other country has done so much better than us . why , because you are a stupid fool .",[trump]
trump tells supporters in pennsylvania they can ' save the american dream ' from ' corrupt forces ',[trump]
the nytimes doesn â€™ t print what you say unless it can be verified ! just show us your tax returns like every single president has done ! stop whining like a baby . vote blue to end the nightmare,[trump]
"i never seen or witnessed this level of division and separation in our country since the civil war of . . trump destroyed our country , by fueling hate and separation ğŸ¤¦ ğŸ¾ â€ â™‚ï¸",[trump]
market must think is going to win,[trump]
trump covid - virus spreading to more and more people and the stock market is going down . americans have died by trump â€™ s tiny hands . vote him out !,[trump]
"i am registered repulican voting for biden , as is my wife , and mother , and father , and sisters . so i would not take much into party ballots turned in already .",[biden]
fuck trump fr,[trump]
yes same one . doesn â€™ t forgive trump screwing up response beyond belief .,[trump]
i am sure he owned the bus company money which is why they cut their losses and left .,[trump]
pack yer shit !,[trump]
"the market has known about biden ' s tax plan for a while , but the market could be pricing in a greater probability of a biden victory .",[biden]
"the market has known about biden ' s tax plan for a while , but the market could be pricing in a greater probability of a biden victory .",[biden]
"exc : hunter biden ' brought every single person to white house , vp ' s house ' that foreign business partner wanted , received resort villa stays , artwork in exchange",[biden]
"just watched the documentary about what they did to president trump . how they hell are they all not in mail ? especially schiff ? that man lied to the american people about seeing evidence that trump colluded with russia , meanwhile that was a total fabrication ğŸ¤® ğŸ¤® ğŸ¤® ğŸ¤¥ ğŸ¤¥ ğŸ¤¥ ğŸ¤¥",[trump]
sergio ramos the only person i â€™ ll accept a trump rally chanting â€œ lock him up â€ about . ucl,[trump]
hell no .,[trump]
i â€™ m a fan of money . ppl on here telling me trump can be bet on to win the election at + . i â€™ ll take those odds . someone point me in the direction to a site that takes election bets !,[trump]
"in the u.s. , there is an asymmetry . you are pretty safe voicing support for biden , but you are risking your life and your property voicing support for trump .",[biden]
"in the u.s. , there is an asymmetry . you are pretty safe voicing support for biden , but you are risking your life and your property voicing support for trump .",[biden]
kayleigh mcenany says seals ' rescue of american hostage is ' story of ' trump presidency : ' we do not stop ',[trump]
im sure lady gaga ' s fans who were totally *definitely* leaning towards trump will reconsider their vote because of this pivotal moment in the us general election,[trump]
"maybe you should go there ! nah , that country is a shithole . vote biden harris to save america",[trump]
that â€™ s experience talking . it â€™ s all in tude dude !,[trump]
i wonder where the super spreader attendees are going to go after getting covit ? trump should start setting up tents on the grounds of mara - crap - po .,[trump]
i â€™ m a year old woman and i â€™ m pretty sure i could knock trump over ! vote him out,[trump]
another lie from chunky .,[trump]
"if this were true , you wouldn â€™ t be in ohio trying to drum up votes . ohio should be in your pocket !",[trump]
clearly said it twice on tv in the days coming up to election day,[trump]
retweet retweet,[trump]
you are in a cult cult 45,[trump]
i thought that was what you â€™ re supposed to do on twitter . . . seems like everyone else in this thread is !,[trump]
i wonder how must extra trump thinks this nurse and thousands of others so do the same are getting paid for having compassion for others . we have got to get him out of the white house and our lives .,[trump]
if we have to suffer with more years of trump the least they can do is legalize weed for us .,[trump]
and of course the rational response is to drive into him to push him over you are right on brand - trump terroism,[trump]
now you are talking mitch ! i would have said something like that but i have been labelled a dingus on this thread - so i better sit this one out .,[trump]
"no he didn â€™ t , he voted trump .",[trump]
"come on texas , you have got to stop putting republicans in charge of your lives , just look at what abbot has done , he has put pleasing trump above your lives . abbot is willing to watch you die for political gain , are you ok with that ?",[trump]
bring back dr . fauci . we need to hear the truth . from your mouth are only lies . you could have prevented this . you chose instead to downplay the trump covid - virus and americans die . vote him out !,[trump]
we â€™ ve become stronger and wiser to corrupt politicians like you and many others . you did nothing in all of your years in politics except screw americans and made the biden â€™ s wealthy by selling us out,[biden]
a second video of random buggies and trumpers are convinced the amish will give him a victory in pa . why are we surprised a corrupt moron like trump could so easily con them ?,[trump]
"amy , you are already very low on my list but you just hit bottom by making a video with the pig in the white house . after seeing this , we know that you are going to ruin this country more than he has already done . you are not to be political .",[trump]
multitasking : the performance of multiple tasks at one time,[trump]
yes the trump supporters terrorizing biden buses and blocking nyc bridges is insane,"[trump, biden]"
trump trump leading nationally in first poll to show him ahead in over a month,[trump]
"have a simple solution , when his cult get sick from the super spreaders stick it to the greedy , thieves in healthcare by refusing care , they can stay home and inject bleach or whatever the heck trump tells them .",[trump]
mr president did you go to church today . was the message about your tongue and how it can break bones . every word you speak can either heal or hurt .,[trump]
no you have to wait until people start jumping on the hoods and smashing windows first . then you can plow through .,[trump]
"right . we all have confirmation bias but they are like fold . that ' s why the fake news mantra works perfectly for them , it gives them an excuse to not even listen . trump was genius in that way ( probs it came from bannon )",[trump]
"he couldn â€™ t purchase them , he was just saying he could have . the nfl would never have approved it that â€™ s why he got involved with the usfl which ended up killing that league cause trump wanted to go head to head with the nfl . trump and the nfl have had bad blood for decades .",[trump]
of course aoc and omar want to expand the court . they want to continue the long standing liberal agenda ! the court now has balance . justice barrett win vote according to the rule of law - not democratic or republican !,[trump]
"this suburban woman is insulted by you . â€œ i â€™ m sending your husbands back to work . â€ this is . women are unemployed because you bungled the pandemic , too ! vote trump out 2020",[trump]
"this is a bunch of bs ! biden voted for both crime bills that put black americans in jail for life sentences , just because of the failed war in drugs . when are â€œ celebrities â€ going to start doing some real research ? biden best friends with a top klansman and voted against busing .",[biden]
yeah boring news and a marxist left in charge . you â€™ re definitely not doing your own research . for biden is a true racist . best friends with a high up klansman and voted yes on bills that put black americans away for decades over a failed war on drugs,[biden]
"the trump virus spreader is busy robbing taxpayer dollars , killing americans with his virus , taking away healthcare from americans , taking away women â€™ s right , taking away voting rights and keeping you on as a press secretary who constantly lies .",[trump]
you are the swamp ! of your administration are in jail ! you are not the american dream . you are the american nightmare ! vote joe biden to save america,[trump]
super spreader central ! vote biden harris to save america,[trump]
one traffic jam i wouldn â€™ t mind !,[trump]
"very true , trump is a tv star ( ? ) or at least he wants the adulation of being one . monarch trump , maybe a crown . . maybe not as his hair is faux . also his tan & his intelligence are fake . sounds like a high school dropout with mental issues . . lots of them ! ! !",[trump]
trump pro gun,[trump]
"exc : huffy hunter expenses emails â€“ biden claims he is ' managing director ' at chinese military - linked firm , demands massive cash reimbursements",[biden]
i â€™ ll never get back those minutes . . . that was horrendous . cnn needs to get a clue . every anchor on there is so uninformed & so full of trump hate that they can â€™ t see the truth trump ğŸ‡º ğŸ‡¸ ğŸ‡º ğŸ‡¸ ğŸ‡º ğŸ‡¸,[trump]
we need clean energy to save our planet ! ! ! ! ! vote him out,[trump]
"get those ballots in ! do not know where to drop yours off ? check out to find out , and hear a special message from president trump !",[trump]
"he â€™ s managed the deaths of american and he is right now holding a super spreader event . i love the times square billboard , ivanka . vote biden harris 2020",[trump]
"\ have you been debunking biden ' s constant lies ? biden ' s lies : * \ "" \ "" very fine people \ "" \ "" hoax * trump has never condemned white supremacy * ban fracking vs . will not ban fracking * will reverse trump tax cuts ( includes middle class ) vs . will not reverse and on and on . \ "" """,[biden]
"\ have you been debunking biden ' s constant lies ? biden ' s lies : * \ "" \ "" very fine people \ "" \ "" hoax * trump has never condemned white supremacy * ban fracking vs . will not ban fracking * will reverse trump tax cuts ( includes middle class ) vs . will not reverse and on and on . \ "" """,[biden]
"there is no biden corruption , bunker boy . there â€™ s only a crashing stock market due to your bungling of the covid virus which is spreading once again throughout our country thanks to your competence . vote joe biden","[trump, biden]"
"thats not trafalgar , i bet its his internal polls lol . biden is getting worried",[biden]
now that ' s funny,[trump]
wait so if i use one source that ben shapiro has once cited before that automatically means i â€™ m a racist homophobe because ben shapiro is voting for trump which makes him a racist homophone because trump is racist homophobe because tv said so ?,[trump]
funny . . . the unrest and rioting your talking about is happening under trump . he â€™ s the cause and has done nothing to stop it . immigration reform / supporting police are not exclusive to your side . you are mislead and manipulated .,[trump]
"if you saw me w the car in park on main street holding up the trump parade , mind ya business lol nov3 vote",[trump]
"\ stfu . biden was against trump closing china flights into this country in january . he has dementia and we all know it . oh . . . if your not a socialist why are you campaigning with bernie \ "" \ "" ? \ "" ""","[biden, trump]"
"i know why , the campaign is broke , trump is not going to allow any party unless he gets paid for it .",[trump]
biden is melting down in minnesota !,[biden]
"we already know that ' s a lie , mr trump . u pay nothing . u do not have any money . unless u count all those foreign giftings u get & $$ taken from poor college kids u duped count . and help from putin & kim . u take from anybody u can . and u get votes ? sick ! glad to see u leave wash .",[trump]
"when biden is president , more of us will be alive to watch you and your corrupt family go to prison . the trials will get huge ratings ! trump terroism","[biden, trump]"
"you are funny , but not as funny as the guy that called me dingus .",[trump]
jus did finna smoke trump inna pack now biden harris 2020,[trump]
well it â€™ s easy to get a few hundred people to show up when you offer to pay them . / will be the real test . btw have seen or heard trump for the last four years ?,[trump]
corrupt washington swamp ? baaaaahaaaaahaaaaa !,[trump]
"when a celebrity says they plan to vote for biden , is that divisive ?",[biden]
"umm what was hunter biden â€™ s ( who lives in california ) laptop doing in massachusetts ? those hunter biden laptops really get around don â€™ t they , i want their frequent flyer miles .",[biden]
we need president biden to get us on the right track with your virus .,"[trump, biden]"
"the people are voting in record numbers ( which you did not want to allow . ) this does not bode well for you , bunker boy . vote joe",[trump]
cnn exit poll in had it - trump,[trump]
"the best ads for biden is trump talking . in other news , it â€™ s funny how those gop enablers in congress running for re - election are now pretending trump does not exist .","[biden, trump]"
looking like trump will do better in florida vs numbers .,[trump]
typical trump and gop stunt to try and win fl trump is a loser trump is unfit for office vote biden harris to end this nightmare,[trump]
making new friends no matter where you roam !,[trump]
"as usual , trump left americans out in the cold . vote biden harris 2020",[trump]
but it wasn â€™ t . trump knew that covid was deadlier and still failed epically,[trump]
joe is a practicing catholic . what are you ? vote blue to end the nightmare,[trump]
i just looked up your info . you â€™ ve got a french bulldog and i â€™ ve got an english bulldog . we have that in common . we both want what â€™ s best for america . stay safe .,[trump]
"trump would rather eat broken glass before giving a concession speech , i do t think anyone should be surprised if he never does .",[trump]
the tds is strong w you,[trump]
list of trump ' s accusers and their allegations of sexual misconduct,[trump]
yes trump soon will not be able to vote ! great observation !,[trump]
anyone want to give me trump with / odds ?,[trump]
i am waiting to hear them bitching about not having the access they demand from the biden administration after following trump around like puppies no matter how much he insulted them and put their lives in danger,"[biden, trump]"
i â€™ m almost certain that when biden wins we will see a lot of domestic terrorist attacks & shootings in black / brown communities by psychopathic white trumpers,[biden]
will not do it . it is also obvious that they are managing the trending section to help biden .,[biden]
will not do it . it is also obvious that they are managing the trending section to help biden .,[biden]
i â€™ m with you barack ! biden all the way ! ! !,[biden]
all you did was bash joe biden and his family . you said joe is getting â€œ millions and millions from china . â€ this cannot be verified which is why the media turns off the cameras when you say this stuff . it â€™ s not and you are running against joe not hillary . vote joe,"[trump, biden]"
"eur / usd : merkel , macron and trump set to push the euro even lower , levels",[trump]
why are you not covering biden corruption ? o news ? you can investigate and report . your bias is obvious . how dare you when biden is corrupt and you wont cover story . he could be next president and thats not news to you ? boycot cbs,[biden]
they have it under trump asshole,[trump]
let â€™ s make it as important as confirming a judge and get it done .,[trump]
this is no surprise . vote them out,[trump]
why are dems rigging poll sites . y â€™ all are fucking beyond stupid . you â€™ re desperation to win this election is giving trump â€™ s claim of a fraudulent election validity . now he â€™ s definitely going to contest this shit,[trump]
"trump has no shame or decency , morals or sense of duty .",[trump]
"i â€™ m all in for trump , but i just checked and these numbers are wrong . it â€™ s trending equal to atm .",[trump]
"\ \ "" \ "" tax paying \ "" \ """,[trump]
infected now the virus attacks the brain .,[trump]
they are not doing a good job if / of american adults believe trump can pass a healthcare law by tweet .,[trump]
"if you hadn â€™ t screwed it up so badly , we wouldn â€™ t have to make it great again . vote him out",[trump]
love it .,[trump]
"phil murphy orders criminal investigation in trump road rally , says pick state where he can win next time",[trump]
trump is winning a spot in federal or state prison by a landslide .,[trump]
"i saw a giant flag in my neighborhood with trump as captain america - the suit , the shield , the muscular body with his ugly mug on top - it was very disturbing i wonder if they realize that ' s not him . . .",[trump]
"\ jeez - you are all over the place did you actually listen to what she said or to someone else ' s interpretation ? \ "" \ "" i am very confident that biden will elected on tues whatever the end count is on the election he will be elected . . . \ "" \ "" what is ur distorted interpretation ? \ "" """,[biden]
hundreds of trump trucks on route in ocean county nj,[trump]
are you even looking the early voting numbers ? trump is outpacing numbers and democrats are underperforming .,[trump]
that â€™ s why all of trumps kids get paid as administrators aides with no experience . also using ya dads name for endorsing her new china dealings . her workers are probably happy making an hour to make pair of pants . subaca ivanka yayy ! !,[trump]
right now in cleveland joe biden is plagiarizing the president saying he will do all the things president trump has already done . he â€™ s famous at plagiarizing,[biden]
i don â€™ t get the point of this lol yea we â€™ ll make people sit in traffic that will show them to vote for trump,[trump]
"compared to what democrats have in store for us if they are given the opportunity , i prefer trump by a large margin .",[trump]
"compared to what democrats have in store for us if they are given the opportunity , i prefer trump by a large margin .",[trump]
"their cars are up on blocks dude , you â€™ re gonna need to pick em up . better yet , send those trump buses .",[trump]
melanie trump is clueless,[trump]
you go ! that makes me so happy . finally people are doing their own research and realize joe biden is a true racist . best friends with a klansman and voted yes in all the crime bills that sent black americans to jail for decades !,[biden]
"i can not wrap my head around the fact that this is real life . like yeah this is hilarious and might as well be a joe biden ad , but the fact that this clown has a real shot at getting re - elected is terrifying",[biden]
hard work doing what ? watching television and tweeting inanities ? checking ratings and rallies ? he â€™ s an entertainer not a statesman . let him go back to what he â€™ s good at . vote joe,[trump]
if trump loses i will show hole,[trump]
"name one of the â€œ qualified scholars â€ trump ( a person known for his honesty ) spoke to , just one .",[trump]
hunter biden was on board of trade coalition lobbying obama admin on ukraine aid - tennessee star,[biden]
years no healthcare and no taxes,[trump]
oh rick ! you silly fuck .,[trump]
more americans are dying because of you . you need to go ! make sure if you have not voted that you vote him out ! he is no good for this country .,[trump]
"you are the most corrupt politician . . . oh wait , there ' s biden right there with you . afraid trump will win and your house of cards will crumble . you should be in jail . so stfu","[biden, trump]"
"aww they would print your lies about hunter biden ? how dare them , october is almost over , you need to help trump with that surprise stat .","[biden, trump]"
"democrats are already making excuses in case biden loses . they already have refused to accept the bush and trump elections as legitimate , and now they are already signaling that a trump re - election would not be legitimate . it ' s ridiculous .","[biden, trump]"
"democrats are already making excuses in case biden loses . they already have refused to accept the bush and trump elections as legitimate , and now they are already signaling that a trump re - election would not be legitimate . it ' s ridiculous .","[biden, trump]"
"watch : videos show biden bus , chase car swerving into other vehicles during texas bus incident",[biden]
"i would not vote for biden in a million years for two main reasons : ) democrats want to *massively* increase gov ' t intrusion into every area of our lives , and ) biden is showing clear signs of cognitive decline .",[biden]
"i would not vote for biden in a million years for two main reasons : ) democrats want to *massively* increase gov ' t intrusion into every area of our lives , and ) biden is showing clear signs of cognitive decline .",[biden]
if you think trump is going to lose georgia and florida then you â€™ re a clown,[trump]
hmm this is a test . is twitter censoring the corrupt joe biden videos and the lies he is tripping over twitter far left only .,[biden]
trump in a landslide,[trump]
"the flaw in that is trump and what has come out of his mouth . you can â€™ t unsee his subservient stance with putin , putin put a bounty on the heads of our soldiers , trump is so afraid to even bring it up with putin he openly admitted it .",[trump]
you â€™ re now a troll that will be forgotten if biden wins .,[biden]
um . . . actually it is . trump prevents one world order .,[trump]
hope you lose . you knew about the horrors of the trump covid - virus but warned no one in your state . time for you to be voted out .,[trump]
when . . . you have been saying that for years ğŸ¤· â€ â™€ï¸,[trump]
trump had rallies in pa weeks ago and no major outbreaks attributed to any of the rallies,[trump]
what makes this worthy of any article ? shocking the media supports biden . . . .,[biden]
he â€™ s drugged,[trump]
"not surprised at all . they , the democrats , wanted to do this anyway !",[trump]
where is your repentance . for all your criminal wrongdoing . you know you will have to answer to every person you swindled lied too cheated on and manipulated . if you do not repent and ask the lord jesus for forgiveness . . . .,[trump]
noted . it ' s a reasonable cautionary approach that i am curious to see if correctly offsets the overestimation of biden and / or the undercounting of trump support in the polls .,"[biden, trump]"
i now know this is parody but it is so typical of cult trump it just feels real . ğŸ˜‚,[trump]
you sent me photoshopped bs pictures of the biden â€™ s lmfao . that â€™ s all the proof you have of the scandal that doesn â€™ t have anything to do with joe . trumpism is alive and unwell w / you . congrats ğŸ¾,[biden]
lol . everyone uses the roads . that ' s the difference .,[trump]
"trump * complains , keep talking about â€œ covid , covid , covid . â€ sane people focus on the deaths of 2 2 0 k americans . not pseudo - scandals about joe biden â€™ s son ! * he took no responsibility or had a plan then ( ) & still has no clue today . therefore the potential of , 0 0 0 deaths .","[biden, trump]"
"to all puerto rican voters , remember he held back recovery relief after hurricane maria , he threw paper towels at people , he is taking away your healthcare and women â€™ s rights , he wanted to sell puerto rico and how many puerto ricans have died from the virus .",[trump]
all amendments matter !,[trump]
no need . we already wasted million on a fake investigation that cleared him .,[trump]
mainstream media will one day regret their stance on this issue - biden corruption ! let â€™ s hope it won â€™ t be too late for our democracy !,[biden]
the day of the white male is over . vote biden harris 2020,[trump]
president biden is the best ! we love you joe ! â¤ï¸,[biden]
metaphor for the trump administration ?,[trump]
still waiting for business school to congratulate,[trump]
"ote for president biden , trump is a killing crook !","[biden, trump]"
what ?,[trump]
"trump cannot wrap his mind around the concept that each state gets to decide when the voting deadline is in their state . he cannot understand why every vote should count . this is a democracy , sir . vote him out 2020",[trump]
vote for joe biden . that is the only way to make america great again .,"[biden, trump]"
"not surprised syria , iran , north korea and russia prefer trump ( the love between trump , assad , ayatollah khamenei , kim jong un and putin is mutual ) , but why is liberia the only country in africa to prefer biden .","[biden, trump]"
haven â€™ t refreshed twitter this much since trump got covid,[trump]
"scott jennings could move trump in with him for that â€œ second term â€ and turn over his money and decisions for his life and that of his family to trump . the rest of us have suffered enough , we are good , we don â€™ t want him in charge of ours .",[trump]
covid - cases rising in states . stop lying to us .,[trump]
"from july . . . . mr . sowell is , biden is . went from serving in korea with marines , to graduating magna cum laude at harvard . that was the start of his academic career . a national treasure !",[biden]
scranton pennsylvania is joe biden â€™ s town . why the hell are you wasting your time there ?,"[trump, biden]"
vote for joe biden !,"[trump, biden]"
more people are being hospitalized with the trump covid - virus . it is like it is starting over again . you did nothing when the trump virus first started and you have continued to do nothing . how many have you killed so far ? the numbers keep going up .,[trump]
your people can â€™ t count that high ! vote joe biden,[trump]
"trump is person . . . . . the entire gop senate should be arrested for negligence , not doing their proper duty , illegal legislation and being human turds as they didn â€™ t even vet the shitler .",[trump]
"this i took from eric trump he says we need the votes , yes but his dad his own supporters . l # p ppl llp k",[trump]
great red wave . baaaahaaaaahaaaaa ! blue tsunami 2020,[trump]
they are the only ones .,[trump]
spot on if your read biden ' s website .,"[biden, trump]"
i am a retired public school educator and i take tremendous offense at your insulting remarks . patriotism means taking care of your countrymen yet we have dead americans . pack your bags !,[trump]
"biden stays silent on bobulinski claims about family ' s business ventures he has not denied the emails are real , not once . what does that tell you ?",[biden]
i too want biden to win,[biden]
is going to win . . i just hope it â€™ s official tonight / tomorrow morning,[trump]
"i don â€™ t think don jr . is the only trump child on drugs . pack your bags , girlfriend . vote joe biden to save america",[trump]
"nypd ' s sergeants union blasts biden , sanders for walter wallace tweets via",[biden]
"it ' s always been a projected win on the 3 rd , moron so . . .",[trump]
biden will restore the checks and balances of our institutions . we â€™ re voting biden in and you out ! trump terroism,"[biden, trump]"
"you do know that trump â€™ s demographic is white , non - college educated men , right ? vote joe biden 2020",[trump]
proud of yourself as you go around the country spreading a potentially deadly virus that has already taken lives ? trump terroism,[trump]
y â€™ all really voting for biden ğŸ¤¦ ğŸ¾,[biden]
"still increasing , not sure what they are looking at ?",[trump]
"for the love of god people , if u at least want to get rid of this killer virus , vote biden for president . he will follow the professionals & get this damn thing out of here . i am tired of seeing death tolls rising w / kids on the list now . covid does not favor party","[biden, trump]"
trillion $ stimulus ! that â€™ s how ! wecover the economy . we did it america ! thank god we got help from both sides for the biggest stimulus ever . the cares act gave tax breaks to millionaires and billionaires giving them more than . middle class not much but an expired pua . ğŸ‡º ğŸ‡¸,[trump]
"i voted really , really hard for joe biden ! !",[biden]
"biden , pelosi , and schumer want to force their liberal policies on new jersey ! return your ballot to stop them !",[biden]
please do not use her initials . . . she is nowhere near comparison to rbg . . ğŸ¤¦ â€ â™€ï¸,[trump]
"stock mrkt has dropped over points in the last days due to covid rising . thanks trump . you have been so diligent in creating this fiasco . selfish , selfish man . even gave it to your wife & son . u just want to get reelected . damn to everyone else . no wonder u love putin & kim .",[trump]
mainstream media will one day regret their stance on this issue - biden corruption ! let â€™ s hope it won â€™ t be too late for our democracy !,[biden]
"it ' s probably because trump insults *everyone* , but then they mentally delete the insults about white people . whatever the reason , they *want* to believe that he is racist . even is *still* continuing the lie that trump refuses to denounce white supremacists .",[trump]
"it ' s probably because trump insults *everyone* , but then they mentally delete the insults about white people . whatever the reason , they *want* to believe that he is racist . even is *still* continuing the lie that trump refuses to denounce white supremacists .",[trump]
trump is our third heaviest president after taft (# ) and cleveland (# ) .,[trump]
we love you ! turn nj red ! ! !,[trump]
there â€™ s a house in montclair with a trump flag on the 1 st floor & biden & blm banners on the 2 nd floor . they must get along splendidly ğŸ˜Œ,[biden]
i saw the same shit lol,[trump]
joe biden even lied about the accident that involved his wife and children claiming the truck driver was drunk . not true,[biden]
the us is in the middle of a pandemic . i would hope u would show compassion and love for all thousands of people dead and the millions infected .,[trump]
this is one of the most powerful pictures of the division in our country . . . lord protect our president . . . give him your wisdom to do what â€™ s right for our nation . . . watch over his cabinet . . . and unmask the evil that lurks trying to destroy the us from within . . . .,[trump]
i do not know - hey did you know ? and you all ought to follow - hilarious - much funnier than most on this thread !,[trump]
"talk is cheap . show us your taxes with your millions prepaid . go ahead , i dare you !",[trump]
look in the mirror ! !,[trump]
"well the friar there is really a dingus then . . . you can not have another lie , when there wasn ' t one to begin with ?",[trump]
this is a lie . americans are dead on your watch !,[trump]
biden cannot fight for our nation ' s soul while supporting genocide,[biden]
that ' s trump only platform - hate the other side you are very sad incel jason,[trump]
this is what biden was vp too . follow the money,[biden]
"biden campaign operative , texas state senator accused of mail - in ballot fraud",[biden]
go murtaugh ! you had cuomo squirming ! we all know how his brother mishandled covid and the nursing homes ! those thousands of deaths are sadly on his hands !,[trump]
"wow , there are a lot of awful tax increases in biden ' s tax plan !",[biden]
"wow , there are a lot of awful tax increases in biden ' s tax plan !",[biden]
trump ğŸ‡º ğŸ‡¸ ğŸ‡º ğŸ‡¸ ğŸ‡º ğŸ‡¸ ğŸ‡º ğŸ‡¸ ğŸ‡º ğŸ‡¸,[trump]
"stop crying , you baby . this is a crime discovered . like your crimes are discovered and will be adjudicated when you leave office . court tv wii have huge ratings . maybe judge jeanne can commentate ? trump terroism",[trump]
by selling out america to china this is how the biden â€™ s live . don â€™ t trust joe . trump had money before he was president . joe was a broke ass and scored all this wealth by being a corrupt politician,"[biden, trump]"
"\ \ "" \ "" biden is absolutely of sound mind . . . \ "" \ "" ğŸ˜† \ "" """,[biden]
"\ \ "" \ "" biden is absolutely of sound mind . . . \ "" \ "" ğŸ˜† \ "" """,[biden]
"prediction . laugh all you want . feel like pa will have issues with mail - ins , and unrest which will give trump pa , but biden will eek out ohio think tx has had a huge early turnout , and will be close but go biden . az and iowa stay red , ga / nc close but go biden as well","[biden, trump]"
was a better year for the middle class than since trumps in office . this idiot has done nothing else but cause problems rather than solve them look at what â€™ s happening around here .,[trump]
"\ \ "" \ "" hackers \ "" \ "" must be the same outfit that stole tucker ' s compromising material on biden that he mail without making a copy of . \ "" """,[biden]
maybe she â€™ s pregs and there is another trump spawn on its way to replace king barron in .,[trump]
and you wonder why texans are leaning towards biden ? america or trump,[biden]
hunter biden â€™ s rant about burisma : â€˜ i â€™ m fighting for the only income i have left â€™ - tennessee star,[biden]
"according to turn out and the early vote the senate is staying red , but no th senate does not have a say , but if it comes down to a few thousand votes and random unsolicited ballots show up , it goes to the supreme court and trump wins , but i would rather the house win then that",[trump]
"just before obama left office , u.s. officials feared hunter biden firm in ukraine paid second bribe - tennessee star",[biden]
record number of people getting trump covid - virus today . you keep killing more and more americans . we must vote him out .,[trump]
"please let him appoint a special counsel , that will really turn the tide for trump . give it a rest , we know fake news when we see it . it â€™ s not going to work this time around , trump is toast .",[trump]
trump is clueless . . . vote him out vote biden harris to save america,[trump]
not a biden supporter either,[biden]
better than trump â€™ s bawitdaba,[trump]
you have no rhythm,[trump]
"first biden was old and lifeless . then he had dementia . then he was so smart he was taking enhancing drugs , now he is a mafia crime boss . it â€™ s the last week . parting shot ? go joe","[biden, trump]"
"no , not lying , just stating the facts about i saw about - miles away at different location , that ' s all . wonder if you will apologize for being wrong ? prob not .",[trump]
who is this guy,[trump]
"trump will win arizona , wisconsin , and definitely florida . this take looks similar to your basketball ones - horrible .",[trump]
interesting he actually wants to govern and protect the citizens . and just disagreed with trump in bidens lap top farce,[trump]
"i â€™ m in new jersey , so my vote won â€™ t help trump much , but i did vote for jeff van drew",[trump]
i voted for joe biden ! ! ! !,[biden]
"of course , loot to â€œ honor â€ walter wallace !",[trump]
"sorry , but trump is winning",[trump]
and what have you done ? !,[trump]
"we just went past the southern part of it on way to lbi - they were rolling , not blocking traffic . very organized and safe .",[trump]
you guys are hilarious . i got on at my exit heading south . saw the group around toms river . go watch some football or something .,[trump]
dems are hoping trump supporters will turn violent against him or staff . act appropriate everyone,[trump]
there â€™ s witnesses to prove the biden â€™ s are in bed with foreign interests . joe biden is compromised main stream media and social media is burying the story,[biden]
when the trumpet sounds that will be it . are you staying or going . if you stay it ' s death . if you go it ' s everlasting life with jesus . i am going are you ? romans -,[trump]
ya you people tend to think everything is about color .,[trump]
"nypd union endorses trump , says president has ' undisputed record of supporting police '",[trump]
philadelphia will be one of the biggest places for fraud . they did it when obama ran the second time,[trump]
"joe isn â€™ t attacking trump â€™ s kids . i â€™ d be pissed , too . vote joe biden",[trump]
hillary . you are so jealous of her stop the fear mongering . she â€™ s more qualified and smarter than you ever could be . trump,[trump]
it sounds like someone is afraid of the blue wave ! ğŸŒŠ,[trump]
they don â€™ t much like trump either . he â€™ s a prejudice president . he has too much to say and is tangled in his own world . he also says too much about what america will look like under biden . under trump it â€™ s f . . . up ! ! ! vote joe & kamala we will build back better . build back better,"[biden, trump]"
watch as trump supporters flood new jersey â€™ s garden state parkway in massive â€œ trump caravan â€,[trump]
dinner with the biden â€™ s,[biden]
remember when neil gorsuch was confirmed and we were like â€œ this is the worst thing that has ever happened â€ and then trump nominated a rapist and a character from the handmaids tale ?,[trump]
we need clean energy . your destruction of the planet is soon to end . vote biden harris 2020,[trump]
also the major reason why at that time was because of his ties to gambling . so let â€™ s just be real about it . if trump could have he would have because anyone would have bought the cowboys if they had the cash and the nfl â€™ s backing .,[trump]
you idiot . trump followed the science . you have dementia and you will be taken out by your own party within months ! ! !,[trump]
oh no more hunter biden dick pics . this will really hurt the hunter biden campaign,[biden]
"as the house is right now , trump would be elected , but after the election were gaining seats",[trump]
