bad bitches hate trump ğŸ¥° ğŸ¥° ğŸ¥° ğŸ¥°,[trump]
when trump is standing at the podium giving his concession speech they should play that ' s the sound of the men working on the chain gang over the loudspeakers !,[trump]
voting for biden was the most fun i have had this shit hole year .,[biden]
"mmmm not sure that ' s a great idea . if you invite ndgt , you will never get to hear from the others . i love the guy but he interrupts people more than trump .",[trump]
"president trump puts america , and american workers first ! ğŸ‡º ğŸ‡¸",[trump]
y â€™ all so focused on biden and ğŸ¤¡ . . . but i voted for the first black female vp kamala harris ğŸ‘‘,[biden]
it â€™ s crazy i believe that if biden was way ahead like they said it would be all over the news and twitter !,[biden]
trump roasts biden in hilarious fashion at latest rally ! he cant stop la . . . via,"[biden, trump]"
what biden doesn â€™ t tell you about taxing income over is that the business will pass the cost of there tax increases to the consumer .,[biden]
name them . slept with trump is not a qualification by the way .,[trump]
"sooooo how does this work ? week before the election she â€™ s now an â€œ adviser â€œ ? wtf enjoy your shortest job stint ever , you criminal bye kayleigh white house press secretary kayleigh mcenany is now formally moonlighting as a trump campaign aide via",[trump]
i can â€™ t ğŸ’™ ğŸ’™ this enough ! biden harris 2020,[trump]
a blue hunter moon hasn â€™ t happened on since . sean connery died today on the last day of red october . the fbi said this week that the hunters have become the hunted . hunter biden â€™ s crimes against the us are being exposed . the hunt has begun . redoctober,[biden]
"i think it will go to a runoff and he â€™ ll lose there . democrats need to keep up the enthusiasm through the runoff election date . i â€™ d love to see it happen , but republicans are usually more motivated in a runoffs . if trump wins or stops vote counting it could happen easily .",[trump]
"you know what bothers me most about you , jason ? you think that you are smart . that really gets under my skin . idiots not understanding that they are idiots . trump and his sons suffer this same delusion . well , jr . for sure . i think eric might actually realize that he ' s stupid .",[trump]
another reason not to vote trump,[trump]
"yeah , the entire judicial system is fucked for at least a generation unless the biden admin does some corrections ( read : stacking ) , which i can not actually imagine happening",[biden]
i â€™ m just scared for my life if trump loses all these trumpers buying out our guns at work and we â€™ re sold out of guns and ammo,[trump]
". has divided america so intensely that , no matter who wins the election on , america will enter it ' s second civil war . if wins , trump supporters will riot . if trump wins , democrats will believe the election was rigged .",[trump]
you can â€™ t control pathogens there going to spread . if h1n1 was as deadly there would have been . 2 m dead . past history tells me biden would have f covid - also . he & obama never replace the ppg they gave away for the africa ebola outbreak .,[biden]
vote for biden lols,[biden]
politics is funny because my dad just legit started an argument over trump v . biden . . . . with me . ğŸ™„,"[trump, biden]"
why do you want to give trump more power ?,[trump]
"trump has ohio locked up , it won â€™ t be close",[trump]
"the answer , then as it was four years ago , lies in the bevy of enablers and sycophants with whom trump surrounds himself . without them , it ' s likely he would not have even made that trip down the escalator .",[trump]
". ) donald trump is a war criminal , just like obama , clinton , bush , etc . the president has authority , yes , authority to pull out of all foreign conflicts & save both our troops , money , and the lives of foreign civilians . aka , fvck that clown",[trump]
"i said i voted for donald trump , not biden ğŸ˜‚","[biden, trump]"
do you in joy the gal gas . if biden get elected the gas will go back up to gal like it was when he was in office . business will pass the fuel increase to the consumer . the cost of groceries will increase to cover the fuel increase .,[biden]
"florida is lying , criminal , trump crooked republicans . triple check everything !",[trump]
"fairfield residents ~ ~ you â€™ re looking for your trump signs , they â€™ re in my sister â€™ s trunk ğŸ˜‡ ğŸ˜‡ ğŸ˜‡",[trump]
i just lost all respect for you !,[trump]
i â€™ m proud to be a ugly trump supporter,[trump]
"trump called for the death of black youths who were in jail , but proven innocent through dna . they were innocent , ge wanted them put to death anyway . trump is a racist . vote for biden ! ! ! ! vote blue to end the nightmare trump is a racist trump is pathetic","[biden, trump]"
remember when trump was standing next to his bloodsucking wife and told the crowd she was upset she could not make it . lol .,[trump]
"ï¸ âƒ£ mechanical ventilation or hemodynamic monitoring . most think they just give breathing treatments . but thanks to trump politicizing and now surrendering to covid 19 coronavirus , a minimum of r ts lost their lives to this disease .",[trump]
very opinionated there bub . you don â€™ t have to like the set up but if u r an american you should at least try to accept it .,[trump]
vote as if biden is down ! yours and my life depends on it ! ! ğŸ—³ ğŸ’™ ğŸŒŠ â™¾ !,[biden]
would have left baron on the tarmac . then would have eaten the kid ' s meal on the plane . he . does not . care . about . anyone .,[trump]
yes . trump and are like rabid rats backed into a corner . they will do anything at this point .,[trump]
"in the southeast oh area , a local bakery has trump winning with their cookie count .",[trump]
this is what trump thinks about you ! i hope they learned their lesson . i already knew he wasn ' t about anything .,[trump]
"they don â€™ t matter anymore than white , latino , and all the others !",[trump]
you â€™ re welcome . i â€™ m working the polls . can â€™ t say i â€™ m not a little uneasy .,[trump]
trump landslide ! here ' s my final prediction for the presidential el . . . via,[trump]
"i feel so bad for kids in my community who just wanted to enjoy halloween . trump has ruined yet another celebration for kids because he is an imbecile . he completely bungled a covid response , and now parents are keeping their kids home . trump is an a $ $ hole . cnn msnbc",[trump]
"pretty sure we , the american people , are going to get bamboozled just like years ago ğŸ¤¦ ğŸ½ â€ â™‚ï¸ biden is leading but trump wins cause of electoral college votes we are fucked either way honestly","[trump, biden]"
has trump declared victory yet ? election 2020,[trump]
i â€™ m getting biden texts about once an hour . i hope the fundraising efforts from those are working .,[biden]
he ' s afraid . he knows they are gonna lose and begging for mercy . this when you dispose of them for good .,[trump]
they better be arrested ! i am so disgusted and appalled that those lousy bastards get away with breaking laws with no arrests or consequences just like the lying criminal trump !,[trump]
can trump go any lower ?,[trump]
here â€™ s what election forecasters who predicted trump â€™ s win are sayi . . . via,[trump]
moot assholes,[trump]
last minute panic ! biden campaign gives up on florida and pennsylvania ! ! ! via,[biden]
"not a trump guy here , jew hater .",[trump]
joe biden partnered with chinese communists for | rudy giuliani | e . . . via,[biden]
so much for keeping religion out of politics . btw it â€™ s amazing that you support a guy that treats human beings the way trump does . makes me wonder what your like behind closed doors .,[trump]
they â€™ re called surrogates . trump used to have those now mostly just family,[trump]
bc martin aspen lied . . . and he ' s now being exposed as well as all the others who lied about it too ! tucker carlson said leave hunter biden alone now . enough of the lies . . . we have all heard enough the past yrs . we are done . vote them all out trump is losing we want our country back,[biden]
dope,[trump]
i think you should still vote . biden is more so for change that we can actually be in control of . he â€™ s not perfect but the ppl he plans to put in office will help us locally . trump will only make it go backwards even more,"[biden, trump]"
lesley stahl gets death threat over trump interview : report - new york daily news,[trump]
"good lord , despite the fact that they are even and are not that crazy . not sure i can say the same for the nutbag trump supporters in my state , who have succeeded in spreading covid to the point that we are just about purple . mask mandate",[trump]
it will end when all ballots are counted . all are counted ! ! ! ! you do not make that decision . just sit down and pick out your suitcase .,[trump]
lol you guys got oh close . . . i knew in trump would be president cuz of all the democrats i knew that were voting republican for 1 st time in their life . . . . half the people i know are lifelong democrats voters and not a single one of them is voting for biden . . . trump in landslide,"[trump, biden]"
these american patriots know that joe biden is comprised by china and that china owns joe biden ! president trump always puts america first ! ğŸ‡º ğŸ‡¸ ğŸ‡º ğŸ‡¸ biden crime familly,"[biden, trump]"
that picture just perfectly exemplifies everything i hate about trump & the church,[trump]
"many of their top people are the kinds of folks that got us to where we are in the first place . they dont care about trumps policies , just his demeanor . when the nice sounding facists come along they will be happy to support them .",[trump]
"what trump is really saying by holding rally during a deadly pandamic is : fu*k you nebraska . i do not care that i left you stranded in the cold , or if you get sick & die . i did not come here because i care about you , i just want your vote & then you can piss off . trump is the swamp",[trump]
"wow ! ! and this is why ohio is â€” trump country ! ! great turnout in logan county for the bus stop featuring & ! the buckeye battalion is fired up , ready for four more years , and ready to keep winning , winning , winning ! photo ğŸ“¸ :",[trump]
governor dewine you are paid for by democratic party !,[trump]
"loved seeing my twitter friend on the beat tonight . anyone who has not read her book is missing out on valuable insights into trump . what a terrific panel , ; i am now a big fan of and as well . well done ! msnbc",[trump]
"reagan signed the cali abortion bill as governor . roe happened under nixon . three republican appointed justices wrote the decision for planned parenthood v . casey . trump barely talks about it . yeah , republicans have been all talk and no action !",[trump]
i boo as i drive past every yard that has a trump sign,[trump]
"fear not my little friend , trump has this in the bag and he told me that there will be extra treats for you especially ! ! ğŸ˜",[trump]
and it â€™ s biden and i â€™ m asking you all to please vote .,[biden]
pretty cool . thanks for being in the right place at the right time when that door opened up . what you did for the scotus is probably your biggest accomplishment . thanks for being on the right side of those placements .,[trump]
"so it took me a second to think about this . . . . those were things barry would get credit on . he might have supported it but if we r crediting thing ( ex : covid ) to individuals , biden doesn â€™ t get that credit . could you focus on his treatment & feelings on blacks if possible ?","[trump, biden]"
with a legacy already stained by controversial sexts sent to a certain ny jets reporter this is not surprising but sure is another legacy stain . packers legend brett favre endorses president donald trump : ' my vote is for what makes this count . . . via,[trump]
"wow watching all the people agreeing that violence in the usa is ok , this act by these texas people is why i switched my vote away from trump",[trump]
"wow , what a hypocrite . riots in democratic controlled cities . trump supporter being physically attacked for months . biden cancels propaganda speeches because he is getting a taste of his own medicine . if you cannot handle that , how you gonna handle a true enemy . run and hide ?","[biden, trump]"
if biden wins this how the country will be governed,[biden]
how many jobs have been lost though ? far more than he has created !,[trump]
"but but but . . . it ' s just the flu and the potus got it and he is just fine and dandy . also , the trump team says the people who died had other problems causing their death , not covid . ğŸ¤¦ ğŸ¼ â€ â™€ï¸",[trump]
a duly elected president should not have to wall himself off from voters . the fact that trump is building a bunker speaks volumes and reminds me of hitler . who in the hell still supports this ignorant lying pretender ?,[trump]
wow ! just heard that biden caused the death of 3 0 0 k veterans with terrible care at the va . biden and the democratic is what made a mess with the cost of health care and he wants to trust them to fix it ? ! don â€™ t trust the democratic,[biden]
million cases of covid . deaths from covid . new covid cases due to trump rallies & rising . new covid deaths from trump rallies & rising . trump buses people in for rallies & leaves them stranded . trump is literally killing americans . no more years,[trump]
i am a socialist today and i will continue to be a socialist tomorrow . voting for joe biden will not change that . do not be shamed by your gold star antifa friends into refusing to participate in this election . use every chance to bring the country any closer to a just world .,[biden]
"aren â€™ t you the same guy who separated kids from their parents , sent them to concentration camps across the nation and didn â€™ t get any information of the whereabouts of the parents ? ? ? ? ? ? ?",[trump]
i know they did in the beginning of their campaign but i didn â€™ t hear much as they were able to find enough stupid people to brainwash plus i paid as little attention to trump as possible . i think they drummed it up after that tulsa really,[trump]
using tax payers dollars ğŸ’° . . . since trumps are broke .,[trump]
not really . they are probably the leaders of the amish mafia . . . who do just as much dirty business as trump so i am not surprised their voting for him .,[trump]
keep your legs closed to men who think should remain in office,[trump]
where are the white folk in the little ad drawing ? what makes biden a diverse candidate . it â€™ s not got anything to do w the role kamala is playing as the token black . such bs from the left .,[biden]
. . . and how has that worked out so far ? jared kushner bragged in april that trump was taking the country ' back from the doctors ' - cnnpolitics,[trump]
you â€™ re not team trump bro ?,[trump]
britany thomas can choke on trumps dick,[trump]
yo who â€™ s putting up trump signs on the fucking south side ? better question who tf is allowing this shit ?,[trump]
wrong,[trump]
no one is buying joe biden is going to blow out donald trump i am sry it ' s is not happening,"[biden, trump]"
"please have someone keeping a close eye on all trump criminal mob members . if there is any cheating happening this election , we all know the criminal trump is the one who will doing any cheating . do not trust anyone associated with trump ! ! !",[trump]
"we are , for biden ! trump failed america",[biden]
annnnnd another reason trump is so jealous of obama that he can â€™ t see straight .,[trump]
voting in vs . voting in vs . voting in the primaries in vs . the bernie sanders rally in a lot has changed . a lot hasn â€™ t . all i know is i want to vote in a way that will protect the lives of those around me and i believe this year that means voting joe biden .,[biden]
leftists are losing their minds as trump gains ground with minority vote . . . via,[trump]
"trump is exactly what they feared president obama would be yet they turn a blind eye to or support everything he does . to them , anyone is better than a black guy .",[trump]
thank you for your bravery ! ğŸ’˜,[trump]
nah i â€™ m voting biden bc trump thinks wretched is pronounced â€œ wrenched â€ like an idiot would,"[trump, biden]"
dumbo,[trump]
many are paid actors . i saw their ads when they came to dayton oh,[trump]
trump supporters want to know â€” where â€™ s hunter ? joe biden lied to the american people and he â€™ s the head of the biden crime fami iy,"[biden, trump]"
i â€™ m in ohio & it better not go to trump,[trump]
only cost you mil rather it cost someone but you get the credit,[trump]
trump has been a whining snowflake all of his life . tell his mother to take a bow for enabling his bad behavior .,[trump]
"that hillbilly b.s. what a disgrace . if trump looses like i feel he will , his supporters can leave the u.s. with him . how about ? ğŸ‡· ğŸ‡º russia",[trump]
embarrassing failure ! embarrassing failure ! embarrassing failure !,[trump]
"i really don â€™ t like posting about politics , however watching america board up towns feels like a real purge is coming & only could â€™ ve caused this . if you haven â€™ t voted please please vote tomorrow ! this country deserves better !",[trump]
"i am from ohio , but florida is so important ! like ohio , i pray florida votes to remove the biggest threat to our country ( trump ) ! some struggle to vote for who they think is the lesser evil . biden is not the lesser evil , he ' s the better person ! ! ! vote vote blue to save america","[biden, trump]"
you â€™ re looking in the mirror again dumpkopf,[trump]
try not to catch it from vanky .,[trump]
your time is over ! you failed ! ! !,[trump]
"typhoid trump is the king of super spreader events . admit it , mark , all he cares about is holding onto power . does not give a sh ! t about us . good try .",[trump]
"so what you â€™ re saying is , don â€™ t pay attention to biden â€™ s laptop . . . .",[biden]
"yes , you are leaving the white house shortly ! trump is not america trump is a national disgrace trump is losing",[trump]
hopefully he â€™ s avoiding trump and not creating havoc and chaos to us,[trump]
because like last time the poles are underestimating this republican support for trump . most poles start with a base of . donald trump has approval rating in his party . if they would at least base the republican turnout on true support the polls would not be so skewed .,[trump]
"do not you ever get tired of lying , whining and the self pity parties you constantly throw for yourself ?",[trump]
"i used to enjoy having lots of kids rushing excitedly to my door . tonight , i put out a basket of reeses , and have yet to see any kids . take a bow , trump ; you are an abject failure ; rest assured , we hate you for ruining everything in america .",[trump]
trump is going to win ladies and gents,[trump]
excellent idea ! the way the evil criminal trump has pushed this is frightening . the sadistic imbecile has done so much damage already with his non - existent covid handling who knows what he can accomplish with a rushed and not completely and thoroughly tested vaccine !,[trump]
there one thing he learned from covid - if biden would win he learned how to control and punish the population by saying there â€™ s a epidemic and everyone has to stay home and wear your mask at home .,[biden]
someone put a fucking toilet on top of one of our cars last night . we are the only house with biden signs .,[biden]
"i don â€™ t let my emotions get the better of me . if trump wins it will be through cheating . i â€™ m very confident we â€™ ll have the majority in congress . this will at the very least cause him to shut down , possibly stroke out and another impeachment",[trump]
y â€™ all do realize trump had nothing to do for that money getting paid correct ğŸ‘€ ğŸŒš,[trump]
"is this trumps october suprise ? what a coincidence that this murder happened in pennsylvania , the very same place he picked the judge . in time to rule not to count votes posted . he is probably working towards marshall law . ğŸ˜ ",[trump]
"actually i misspoke . i meant republicans because republicans are no longer conservatives , they are reactionaries . they have long ago abandoned true conservative principles like free trade , fair elections , true democracy , and balanced budgets",[trump]
"the fbi is a joke . they will investigate trump and his supporters till the end of time . oh no , can â€™ t investigate biden and his crack baby son . apparently , they are above the law ! ! ! ! ! this country is screwed if her gets elected .",[biden]
some of you bragging that you voted for trump like you really did something ğŸ¤®,[trump]
where did i say that i supported biden ? straw man !,[biden]
thank you for your service . you did your duty unlike president bone spurs . god does not like ugly or racist or people put in cages or police brutality or the proud boys or tree lynchings or liars or cheaters or people insulting vets . vet wife vote him out,[trump]
". . . handling the capacity . meanwhile , rather than make sure his followers would be okay , trump was aboard air force one , oblivious to them . source :",[trump]
". . . but also because they were wrong to allow it . yes , my feelings about it were exaggerated , as i don â€™ t foresee a lifetime ban being carried out . nobody needs to carry that . but i â€™ m beyond done with trump , beyond done with any of his enablers , and beyond done with their stunts .",[trump]
take one look at your cabinet to see that this is false .,[trump]
everyone vote joe biden ! ! ! ! ! joe biden biden 2020 biden harris 2020,[biden]
i don â€™ t . i don â€™ t care .,[trump]
"first , is there a trump supporter out there who can spell or use proper punctuation ? second , a news story isn â€™ t fake just because you don â€™ t like it . if your sources are all from the right - wing media , you are a victim of propaganda .",[trump]
found out the cute kid i was talking to votes for trump today . . . . knew it was too good to be true . . . . blocked . . .,[trump]
trump put a hold on stimulus until he wins the election .,[trump]
rally,[trump]
"yea , please don â€™ t factor in ohio . we really suck here and i don â€™ t see trump losing . i know more trumpers than i do biden supporters .","[trump, biden]"
there is no way . . . . any real pollster knows it â€™ s not close . if biden thought he could win he would be here everyday,[biden]
what leadership ?,[trump]
rush i think where in good shape,[trump]
i proudly voted for joe biden and harris ! i hope joe biden and kamala harris wins tomorrow night ! :) i pray that joe biden wins tomorrow night ! katy perry . you and taylor swift are awesome ! my favorite singers ! :),[biden]
the tariffs from china and thr eu were your own fault for enacting tariffs against them to begin with . the global economy suffered because of the trump tariffs .,[trump]
"trump said if he wins , he is getting us . biden do i hear , going once . . . going twice . .","[biden, trump]"
you can not use big words with trump . he probably thinks jackanapes is an ape dressed like a pumpkin for halloween ğŸƒ ğŸ¦,[trump]
trump thinks climate change is a hoax .,[trump]
"i no longer have a mom either . she died of cancer years ago when i was only . i fucking hate trump , but are you sure you want to choose to lose your mother over him ?",[trump]
"we â€™ re kind of a big deal ohio election day interesting : a republican candidate who didn â€™ t win ohio has never been elected president . must win ohio today in order to be re - elected , but doesn â€™ t in order to be elected .",[trump]
"yeah i talked to my wife about biden and harris , we both agreed to vote for trump because we are not going to support communists .","[trump, biden]"
"the higher the turnout , the more likely trump loses , so yes it is good news .",[trump]
how about a november surprise ? my wish : ohio or texas goes blue for biden . what â€™ s yours ?,[biden]
i been done with home depot for supporting trump .,[trump]
"joe biden will raise the taxes , raise gas prices , raise heating prices , raise electric prices , raise groceries prices , take away your health plan from your job and make you stay at home wearing a mask .",[biden]
charter schools are mostly crap . just another way to rip off government monies while cheating the future of the students . betsy devos family crooked way to cheat money from the government .,[trump]
"maybe biden supporters like to pay higher gas prices , higher electric bills and higher taxes but i don â€™ t !",[biden]
nothing you ever say is good ? is it ?,[trump]
yesterday was my half birthday so like give me a gift and vote for biden today pls ? ?,[biden]
"if you want to feel better , listen to this ! and also , go vote ! unless you â€™ re planning on voting for trump , then just keep your racist ass at home",[trump]
scot atlas & donald j . trump ! vote blue impeach the traitors,[trump]
"hey einstein , how about looking up trump â€™ s â€œ moral â€ character ! vote blue impeach the traitors",[trump]
lil wayne and ice cube are trying to work with trump because they are not getting an answer from the democratic party on the black america contract . democratic party has been very busy lately and does not have time to view the contract from what i â€™ ve heard and seen .,[trump]
douthat has been super reflective about his prior beliefs and imo one of the most interesting and relatable writers of the trump era . he and liz bruenig give me hope for the nyt opinion page .,[trump]
"call me a deranged left wing nutjob progessive but an impeached president should not be able to run for office again ! also ! if trump loses & he goes to prison and all this stuff is true , anyone that voted for him should have their right to vote provoked :-)",[trump]
"this tweet is exactly why i & millions more are voting against you . we have this thing in america it â€™ s the constitution , try comprehending what it says ! vote blue impeach the traitors",[trump]
all conservatives make idiotic generalizations about liberals .,[trump]
"the hamitt â€™ s are not only excited for the presidential election , but also â€œ the judges , the prosecutor and the senator , â€ they said . the hamitt â€™ s shared that they voted for trump this year because in their minds â€œ there is no other choice â€” we are exceedingly scared of socialism . â€",[trump]
"hey when you win , i want to help you reunite those + children with their parents from the cruel trump policy . i do not know how i can help , but i will ! we are better than this ! ğŸ‡º ğŸ‡¸ â¤ï¸ biden harris 2020",[trump]
i know it â€™ s in the laws & it doesn â€™ t matter what i think or how i feel about it .,[trump]
good morning to all my friends and followers ! it ' s that middle day of the week referred to as hump day ! what kind of chaos will we be in a week from today ! on get your butts out of bed and vote ! of course i mean vote biden - harris !,[biden]
not sure what was included in the contract . get on youtube and watch ice cubes interview with cnn and you will understand their actions . may not agree but at least they are trying to make it better for us . trump only likes rich people .,[trump]
"sooooo . . . the guy who sent certain pics to a ny jets reporter , shocking & not really an endorsement he needs at this point . brett favre endorses trump for president - cnnpolitics",[trump]
what has the republicans done . this is true clown shit . trump does not care about any of our black and brown people . . . never has and never will .,[trump]
this makes me so damn angry . i so hope and pray biden wins .,[biden]
poor trump that was clinton that said that ! who is mentally competent ? vote blue impeach the traitors,[trump]
scaramucci is an ex patriot and a real jerk . anyone that saw his interview with sandra this morning on fox knows it . he and biden say things about what needs done but they are obvious things that president trump is already doing . and this little twit has no different plans .,[biden]
"i can â€™ t even imagine what will happen to this country if joe wins , devastating ! !",[trump]
"ya so the ohio governor is actually handling covid in ohio . remember sharrod , trump wanted to take care of it but all of the governor â€™ s got together and said you don â€™ t control us . . .",[trump]
vote for biden / harris to unify our country again !,[biden]
if biden was president when covid - started . 2 m people would have died and the media would have hide it from the public .,[biden]
"the worst part about living in ohio is you see someone wearing a red hat and think , â€œ is that a trump supporter or is it just game day ? â€",[trump]
good morning . fuck donald trump .,[trump]
donald trump .,[trump]
"\ that wasn ' t my comment . but i agree about the comment about trump . . . it amazes me how many contortions \ "" \ "" evangelicals \ "" \ "" go through to defend their support of the potus ! \ "" """,[trump]
"monday ' s polling results . . trump by votes . . very tight election , last day to have your car ' s vote . sunny day today , go to vote in a clean car . @ westlake laser wash",[trump]
it â€™ s against the law but our department of justice is controlled by a trump crony and he won â€™ t prosecute any of them .,[trump]
"because you draw idiots who act as if covid , could not be fatal . and you do not care because they stroke your ego . at least someone is , your wife never wants you touching her . ğŸ˜† ğŸ¤®",[trump]
we â€™ re handing out biden / harris swag until at the courthouse . and remember you can vote early at the board of elections today until and sun . - !,[biden]
"so you want to add a secondary margin of error so you can play your woe is biden card ? what do you think a margin of error is ? you do not get to keep adding more to try to make it seem like biden is in trouble , lol .",[biden]
2 5 th amendment !,[trump]
why would he have to . . . there ' s no seats available you just filled it . he said he wasn ' t going to pack the courts and that ' s exactly what he ' s doing stupid ! you are trying so hard to stay relevant but it ' s not working . you ' re done ! gto and do not come back ! trump is losing,[trump]
next tuesday i will be watching for your poll watchers . sincerely hope i do not come across any . be a shame to ruin such a happy day .,[trump]
the polls are wrong ! dems in major panic as biden continues to crumbles . . . via,[biden]
i look forward to that too ! ! ! i hope biden places in his cabinet ! and that some day we can vote president buttigieg into office â¤,[biden]
joe biden will lose pennsylvania ! he is tanking in multiple polls after . . . via,[biden]
good thing you won â€™ t get the chance you racist trash trump adviser stephen miller reveals aggressive second - term immigration agenda,[trump]
i feel like i have some closeted trump supporting friends . . keep that same energy and hit that unfollow button,[trump]
it is painful listening to her speak . there is nothing there . she is out canvassing for â€œ her husband â€ after years of doing nada for the american people . embarrassing ! ! !,[trump]
"what have you done for anyone , that did not benefit yourself ? nothing",[trump]
and the corrupt criminal in the wh is responsible for more than 2 2 0 k deaths of which over 1 0 0 k would have been avoided with leadership . trump is like the rosenbergs and should suffer the same fate as they did !,[trump]
that ' s because it did not happen . twitter twit trump desperate donald compulsive lying president trump is our biggest threat biden is better trump has to go vote joe,[trump]
wanted to remind you of when putin & assad were making fun of you and wanted to see you on the road to damascus ğŸ˜,[trump]
"trump , with his abject failure to address covid , has ruined halloween for thousands of little kids .",[trump]
it is senseless thought . i read piece why the christian thing would be to vote biden .,[biden]
if you â€™ re in anyway voting for trump . please do me the honor of blocking me . bc i don â€™ t even want to know you .,[trump]
"this is more fun to watch than the election , trump won â€™ t have any problems ! remember holly gets more treats ! ğŸ‘",[trump]
first get rid of the the sexual predator in the white house !,[trump]
i voted for biden last week .,"[trump, biden]"
"they haven â€™ t nominated don jr . yet . didn â€™ t know he was a sexual predator , thought he only abused drugs ! vote blue impeach the traitors",[trump]
"no , it will be a dicktatorship ( yes , i spelled it wrong intentionally ! ) dictator donald trump is a national disgrace trump is our biggest threat",[trump]
"is a partisan website , if gambling websites are using there odds then putting money on trump will win you a lot of $$ $",[trump]
trump mega roasted nancy pelosi in front of + people ! hilarious mo . . . via,[trump]
i ' d bet right now that trump never even read american government curriculum . ğŸ˜… ğŸ˜… ğŸ˜…,[trump]
it â€™ s just bad recently . trump and his postmaster decided to slow the mail down to hurt the mail in ballots .,[trump]
i mean . . . i don â€™ t expect il to go trump just to be clear . . . just translating covid maps here ğŸ™ƒ,[trump]
it does not exist,[trump]
"how i dare i feel something in the heat of the moment . i know it â€™ s nothing compared to the million other fucked up things that trump has done or how he â€™ s been enabled , but it was something i could control . i can â€™ t control anti - immigration , incitement of hate , or police brutality .",[trump]
"well , i mean that ' s somewhat true . trump lies while biden faces reality .","[biden, trump]"
â€œ bro ? our economy will go to smithereens if biden gets elected â€,[biden]
"isn â€™ t pelosi reporting on the findings of that task force this morning ? i know you â€™ re just trying to prove a point , ( you know biden understands that the pandemic will be top priority & he â€™ ll hit the ground running ) , but please be careful with your texts over the next days .",[biden]
so how does the supreme court not allow wisconsin to count ballots that arrive after but allow it in north carolina ? ?,[trump]
how bout you watch and take lessons from a real man .,[trump]
where is bell bar ? i think he ' s laying in an icu somewhere on a ventilator ! they will not tell it because it would be a negative to trump ' s campaign,[trump]
if biden loses we are all going to commit a mass suicide !,[biden]
i heard they where trump supporters,[trump]
does anybody know cash app ? ? ? i need my . . . pronto,[trump]
i show me how full of hate you are,[trump]
"you are bragging about trump knowingly spreading covid . you had covid because of trump . you put your child ' s & husband ' s life in danger of getting covid . trump puts american lives in danger of getting covid , to appease his massive ego . it ' s unacceptable & criminal ! vote him out",[trump]
"trump expands media empire while defending lawsuits in ny , possibly elsewhere . vaccine also proves incapable of stimulating growth . depression creates mixture of apathy and backlash . trump exploits the chaos and becomes stronger as a result of losing .",[trump]
in my family it â€™ s my trump loving brother and his family who disowned us because we refused to vote for trump ! no going back there ! and it â€™ s sad because our dad died last year too . it â€™ s not right .,[trump]
also trump is more desperate . he â€™ s going to prison,[trump]
yep . biden hitting his stride at the right time .,[biden]
joe biden has lost it !,[biden]
for you and your buddies making and up . tell the truth for once in your life !,[trump]
hunter biden is laptops in a trenchcoat i think . guess i wont vote for him . . .,[biden]
broken glass / the measure of this administration,[trump]
you are having large crowds gather all over the place during deadly pandemic . you hid the severity of covid for months . you are lying to americans ( especially your supporters ) & continuing to ignore the virus as it spikes in nearly every state . you are america ' s death sentence !,[trump]
"that being said , since he loves being the best ever in the history of america , is trump fatter than william howard taft yet ?",[trump]
it is long past time trump and his criminal friends start paying for their crimes .,[trump]
be sure to retweet this once trump is re - elected . i â€™ m sure he â€™ d like to add a few more judges .,[trump]
that way if trump wins they can say that somehow he must have tampered with the election !,[trump]
"right now if you are undecided and don â€™ t know who to vote for please dm me and i will talk over policies with you ! as a girl from a very conservative christian family i understand , biden is the right person right now for this country and he will take care of his own !",[biden]
he was great,[trump]
i think biden could â€œ dodge and bob â€ and land a leg sweep or a couple good punches . i â€™ m not worried . he rides a bike still . . . fat donnie is just a big braggy bully !,[biden]
why are you ok with the trump administration sabotaging the usps which is a lifeline to rural ohioans ?,[trump]
because it â€™ s trump corruption . you always try to pin your crimes on the do gooders,[trump]
still illegal and imprisonment is the cost,[trump]
"the thing that has become most apparent is that we need to get trump out of office , which i â€™ ve been focused on . in order to save this country from imploding , we need biden . in order to move forward with anything truly important , we need to do everything we can to get trump out .","[biden, trump]"
hillary hilariously losing her mind as she realizes trump will win . . . via,[trump]
"ğŸƒ saturday is halloween & we are celebrating with a huge swag give - away ! ğŸ‘» find us at the athens courthouse saturday from - and pick up biden / harris t - shirts , facemasks , buttons and more ! and , you can go vote ğŸ—³ ï¸ early at the board of elections sat . - ( sun . - )",[biden]
"if you want to have a president who owes over million to foreign entities and is a national security risk , go ahead and vote for trump . if you want a president who will put american interests first , vote biden .","[trump, biden]"
it â€™ s election day and everything is breaking towards trump ! ! ! via,[trump]
cnn enters total panic mode as the realize more years of trump is inev . . . via,[trump]
"ballrooms , candles and luxury cottages : during trump â€™ s term , millions of government and gop dollars have flowed to his properties",[trump]
lying evil demon !,[trump]
i â€™ m voting for the first time in my life today . we gotta get this nigga trump up thru,[trump]
i think biden gone win get impeached shortly after and kamala will be our president,[biden]
my coworker in here tryna dick ride trump this morning and quite frankly i â€™ m not having it .,[trump]
chicago just went a few points higher for biden,[biden]
"megan magly , , of cleves was the first voter i interviewed today who voted for biden in the presidential election at miamitown church of christ . â€œ president - wise , i voted for biden because i can â€™ t vote for the current administration for personal reasons , â€ magly says .",[biden]
more days of trump forever . . . party ğŸ‰,[trump]
"he supports the blue you dummy ! maybe you should too , you may need them someday !",[trump]
the democratic keep talk like all early voting is all democratic voting for biden . i believe there â€™ s a lot of democratic that vote for trump . if / of those 6 0 m people voted for trump biden is in trouble .,"[trump, biden]"
whatever you do today dont let them trump folks make you act out . that â€™ s what they want .,[trump]
bro shut up . nothin in this thread is about biden .,[biden]
"wtf ? ! why aren â€™ t you fucking embarrassed ? i have seen really bad dancers , dorky guys that think they can dance you â€™ ve made them all look like travolta . babies dance like this hell babies dance better than you . you think alternating body side movement is dancing ? this is not dance",[trump]
"is it just me , or does trump ' s crowd in michigan seem to be bored out of their skulls ? low energy ğŸ™„",[trump]
trump loves it when people die for him whether it be covid 19 coronavirus or hypothermia,[trump]
they are working on their post election strategy if biden wins . . .,[biden]
they said they found water on the moon ! next thing you know trump will be bottling that and selling it for a bottle ! and if that is not bad people will buy it ! moon water ! it will cure covid !,[trump]
voted trump !,[trump]
"change everything about yourself , trump , and maybe a few more people will speak in your favor . good luck",[trump]
it has to be !,[trump]
bitch he hid in his bunker and built a wall around the wh ! ! ! this sleepy joe in the basement bs is played out ! try something else ffs !,[trump]
"yup . us taking the senate or biden winning is just step one . if both of those happen , maybe that ' s step .",[biden]
"important to note that trump did not end the coronavirus covid 19 as a trump accomplishment . but he did accomplish eliminating a significant amount of our population , i did predict this destruction but not this high of a number",[trump]
mistakenly got caught up in the trump parade and i feel violated . so freaking gross . it â€™ s the smiling and waving women who kill me the most .,[trump]
"i used to respect you , nikki . now , not so much . how much did trump pay you for your soul ?",[trump]
and he paid them to be there ! ğŸ˜† ğŸ¤£,[trump]
he is a monster . and when he loses tomorrow he will be on his way to jail . joe biden does not play that mess . ğŸ˜† ğŸ¤£,[biden]
"election predictions : biden wins by over , popular votes . biden wins by over electoral votes , or more .",[biden]
"so . . . . normal trump , right ?",[trump]
i didn â€™ t think there would be a doctor in this country who would support trump .,[trump]
"judging by how stupid people are near me . i say trump . but everyone would vote for their individual benefit , than biden will win . we ğŸ—³ ğŸ’™ ğŸ˜ biden in my ğŸ¡ !","[biden, trump]"
yep ! ! we will never see them again . thank god !,[trump]
i don â€™ t care how much the democratic & the pollsters are saying that trump not doing a good job with covid - . i don â€™ t think anyone else could do any better .,[trump]
"talk of covid , covid , covid cuz it ' s killed + americans ( cuz of your incompetence ) , it is rapidly spreading all over ( cuz of your incompetence ) , america is suffering ( cuz of your incompetence ) . will talk covid improvements after election , cuz you ' ll be gone ! vote joe",[trump]
"i just think he might do a little bit better than biden , â€ scheible says . ( / )",[biden]
"sounds like the cheating has begun , voting machines crashing and people admitting to throwing trump votes away",[trump]
". ) the govt is wrong of the time w / death penalties . some people deserve death , i wish it upon them , but the state shouldnt have the right to end someone ' s life . . ) we can start by ending poverty w / fair taxes on the rich ( trump paid . . . ) & use that money to start",[trump]
a man of faith . where â€™ s trump ? on the golf course ?,[trump]
"they fail to mention that trump is the reason we are in the pandemic mess we are suffering through . he knew , he did nothing , he lied , thousands died ! trump virus death toll 225 k trump knowingly spreads covid",[trump]
i can â€™ t wait to vote on tuesday . you have my word that i â€™ ll be in that booth voting for trump !,[trump]
election : trump : mil hilary : mil number of people who didn â€™ t vote : mil mil people didn â€™ t think their vote mattered . if you don â€™ t think your vote matters then don â€™ t complain who ends up in office .,[trump]
couldn â€™ t sleep last night because you think we might get four more years of trump ? ? haha welcome to the last four years for those paying attention .,[trump]
mans said he gone celebrate when biden win ğŸ˜‚ ğŸ˜‚ ğŸ˜‚ if ima bitch you definitely a coon lmao,[biden]
they did tape it for replay just in case trump fell down .,[trump]
"well , i am tweeting from my home office appearing in gym shorts over boxer shorts to say fuck trump . and fuck you , too , laura . also , they provided the outfit for the photo shoot you blathering idiot .",[trump]
funny how hasn â€™ t said a word about the stock market tumbling the last few days ! every time it goes up he takes credit .,[trump]
what ' s left of trumps last rally . ğŸ˜† ğŸ¤£ ğŸ˜‚,[trump]
"when will village people , billy joel , and elton john sue trump ' s ass for using their songs ? ? ? ? ?",[trump]
"i am sad because i am not having any kids trick - or - treaters visiting , since trump killed halloween . hope he and and are proud of ruining another holiday .",[trump]
"dems are the cause of the crisis and the chaos . by the way , your plan for covid is exactly what â€™ s happening now . so it will work for you but not trump . sounds a democrat virus to me .",[trump]
i swear these trump parade people were advocating for the vehicular manslaughter of black lives matter protesters in the summer because they were â€œ blocking traffic . â€ the hypocrisy is too much and i am so tired .,[trump]
trump fights in court to block pandemic food aid for lowest - income americans - politico,[trump]
"because there is not any . news organization ' s do not distribute he said , she said .",[trump]
trump lives in an alternate universe and he â€™ s recruited half the country to believe his lies .,[trump]
"don â€™ t blame trump , obama is the one who caused all this !",[trump]
i am sure you do . ğŸ˜†,[trump]
"it â€™ s just like , only biden has even fewer people at his rallies than clinton had .",[biden]
"it â€™ s just like , only biden has even fewer people at his rallies than clinton had .",[biden]
how many examples do his supporters need ? trump only cares about trump .,[trump]
this is how i see the election turning out . trump has stacked the supreme court with republican justice and he will take the election results to the supreme court where he will be will be found the winner of the election ! it will be good by democracy hello dictatorship !,[trump]
even if biden wins there â€™ s more work to be doing ! eradicate all of trump â€™ s enablers ! never forget that they betrayed our democracy ! vote blue impeach the traitors,"[biden, trump]"
so it only cost you to buy the vote of of course we know that was someone else â€™ s money,[trump]
"biden and his corrupt cronies have been in for years plus and none of it is their fault . makes me so irritated . then we have their blind followers , who follow like sheep to the slaughter and they are taking all of us with them ! ! !",[biden]
my biden / harris shirt to the polls . figure i might as well be at ground zero .,[biden]
playing â€œ fuck donald trump â€ loud as possible all day today,[trump]
so sorry you were taken in by trump â€™ s bs ! thought you had a brain of your own ! vote blue impeach the traitors,[trump]
"he straight up lied as usual . charge them with a crime . lying to congress is a crime , interfering in an election is also . tired of this crap ! trump gets bashed endlessly for everything , literally everything is his fault and he has only been in office under yrs .",[trump]
"oh no , media and big tech are not believing my made up conspiracy theories . wahhhhh , wahhhhh , wahhhhh ! crybaby trump",[trump]
trump supporter !,[trump]
"david , i am a christian . i am not going to vote for biden because he supports a woman ' s supposed right to kill her unborn child .",[biden]
you â€™ re parroting and you are insignificant as well as incorrect . you call him that because he was following guidelines while trump was killing and infecting without recourse,[trump]
can trump and his dumbass red wave soldiers stop texting me telling me to vote for him ? ? i â€™ ve gotten at least messages today from him leave me alone,[trump]
"after four years no one has been held accountable , justice department has been hiding ! second term the president will put the hammer down ! donald trump",[trump]
just voted ! trump earned my vote ğŸ—³ ğŸ‡º ğŸ‡¸,[trump]
your a dope,[trump]
"deadbeat campaign , just like its candidate .",[trump]
illegal go ahead and go to prison,[trump]
right . did you mean trump ? when you said hacker ' s .,[trump]
not biden,[biden]
only more days left to lie . better hurry up and lie as much as you can while you have an audience . now that â€™ s a real donald trump ğŸ˜‚,[trump]
nah . i love this place . the people i have met on here . i came here in late because of trump . but i am gonna be here after he ' s gone .,[trump]
i know my neighbors voting for trump ğŸ¤¦ ğŸ½ â€ â™‚ï¸,[trump]
really . i have college degrees . of them sum laude . and i am currently in lower middle class . trump all the way . only idiots want govt control and socialism .,[trump]
and they â€™ re trying to say biden â€™ s the socialist . the utter irony .,[biden]
"why do you keep copying and pasting this tweet , lol i know why that â€™ s how you brainwash the simpleminded",[trump]
my election prediction : biden wins . trump peacefully leaves the wh . the economy steadily worsens for reasons that have nothing to do with potus . dems do little better at stemming covid . disappointment rapidly sets in . [ / ] . . .,"[biden, trump]"
i love ğŸ’™ you dr . biden . i smile every time you talk . or tear up when you talk about when you met joe . you are my dr biden shero,[biden]
"my year - old son has logged dozens ( hundreds ? ) of hours this election season phone - banking to get out the vote for biden , and i â€™ m super proud of him .",[biden]
everyone will get covid - it â€™ s not if but when . no one not even super man will stop it . it will run its corse like every other flu . the pandemic is not the virus . the pandemic is the fear that the democratic and its media has created for political gain,[trump]
i see something like a purge happening if trump loses because repubs can â€™ t take defeat .,[trump]
"red blend , bacon wrapped meatloaf , italian pasta , sautÃ©ed veggies . then champagne once biden / harris take the lead .",[biden]
it ' s ok to be republican . you suck if you vote for biden and are a republican .,[biden]
what ? ? i hope president biden puts trump under the jail ! ! ! !,"[trump, biden]"
"*if* this really happens and almost 1 6 0 m people vote , trump is going to get slaughtered ğŸ™",[trump]
god bless you and your family ivanka â¤ï¸ ! trump ! ğŸ‡º ğŸ‡¸,[trump]
"for the 2 2 5 k who â€™ ve died , most likely alone . for the military families who lost their loved ones , whom trump has called â€œ suckers and losers . â€ for the millions of americans who â€™ ve lost the jobs permanently or who â€™ ve lost their businesses permanently due to the pandemic .",[trump]
"in bluer ne ohio , i know lots of over - registered republicans who feel safe voting biden . that said , the rural , southern , and western parts of the state are adamantly pro - trump . signs everywhere . ohio is mostly safe for him , but not a lock .",[biden]
i voted for joe biden ğŸ’™ ğŸ’™ ğŸ’™ ğŸ’™ ğŸ’™ ğŸ’™ ğŸ’™,[biden]
you people say that 2 2 0 k people has died from something china has done but i say trump has save 2 m people from what china has done .,[trump]
another extremely valid reason the ignorant criminal loser trump must go !,[trump]
that â€™ s so awesome ! my lifelong republican husband voted for biden too ! proud moment . we are at peace ğŸ’™ ğŸ’™ ğŸ’™,[biden]
let â€™ s fire trump today .,[trump]
those scotus justices being placed by law is a pretty big deal to start .,[trump]
no ! definitely biden ! and blue down the ticket .,[biden]
"this is a real tweet ! i know it â€™ s hard to believe but it â€™ s not a joke . any person dumb enough to believe this , . has not heard joe or . is dumb enough to deserve biden as president . i however do not deserve biden as president , i along with millions of patriots deserved better .",[biden]
"this is a real tweet ! i know it â€™ s hard to believe but it â€™ s not a joke . any person dumb enough to believe this , . has not heard joe or . is dumb enough to deserve biden as president . i however do not deserve biden as president , i along with millions of patriots deserved better .",[biden]
"i mean , i â€™ ll give it to him for trying to change my mind but it just wasn â€™ t gonna happen . i â€™ ve never cried like i cried the day trump was elected . out of fear for our future , our lgbt , our women i wept as i thought about the future of our country and i didn â€™ t know him then .",[trump]
yeah hardly any political signs in the few blocks around or house . a house on the street behind us has a couple trump signs . there are a couple biden signs along the main road our street connects too,"[biden, trump]"
"biden / harris ? that list of â€œ specific reasons â€ sounds very much like the lockdown we had in ohio for months under dewine , to be fair .",[biden]
just voted for joe biden and a straight democratic ticket all the way down . just voted biden voted i just voted for biden voted for biden vote ohio vote biden,[biden]
"any republicans who are against trump ' s baseless statements and attacks , and yet do not speak out against them , is complicit .",[trump]
bullshit !,[trump]
and every republican is owned by the corrupt current occupant of the wh . grow a spine senator or russia will own america as long as trump is potus !,[trump]
trump win the world gon get real wicked,[trump]
chumps for trump,[trump]
join the movement ? the giant bowel movement called the trump administration . . . no ! ! ! trump knowingly spreads covid trump shit show trump cult flush the turd november third,[trump]
"love this , sjw ! ! ! ! ! ğŸ‘ ğŸ‘ ğŸ‘ ğŸ”¥ ğŸ”¥ ğŸ”¥",[trump]
donald trump is the greatest american criminal of the 2 1 st century ! ! ! settlefor biden,[trump]
name your sources,[trump]
"wasn ' t president trump supposed to release his new health care plan before the election . oh , i know what happened . it ' s in the mail . vote 2020",[trump]
"psst , see that last line of yours ? you just described the entire trump administration .",[trump]
if your voting for biden strictly because u hate trump pls don â€™ t vote,"[biden, trump]"
reasons to vote out trump ! ! ! . war crimes . attack on reproductive rights . muslim ban . attack on lgbtq rights . healthcare lies . betsy devos . covid deaths . stole money from a charity . fraudulent university . tax loopholes . patriot act . global warming,[trump]
"if we can get another candidate like bernie in , biden will retire , and theyll be up against kamala . when that happens , if they dont have the election essentially rigged like what happened with bernie , then we will see real change . if not , then more years of kamala first .",[biden]
trump is gonna be gone and she â€™ s still gonna be doing her job the way she should . tough shit for you .,[trump]
crickets ğŸ¦— get more likes & comments than your posts .,[trump]
report : ivanka trump coming to niles saturday,[trump]
prepay ? never heard of that . i wait to go to my accountant to see what i owe .,[trump]
and if biden wins we r eating crow .,[biden]
"you mean trump lied ? ? ? ? ? ! ! ! ! ! ! wait , let me look around for my shocked face ğŸ˜± ğŸ˜± ğŸ˜±",[trump]
"shockingly he â€™ s realized his own folly , i think . tucker carlson suddenly says it â€™ s time to leave hunter biden alone via",[biden]
yeah you wanted to take part in bleeding america dry . you â€™ re going to prison,[trump]
i dont know but i bet she agrees you shot bin laden while trump says ğŸ¤· â€ â™‚ï¸ .,[trump]
my logic is you stay the fuck out of a woman â€™ s life when it comes to medical decisions that are between her and her doctor .,[trump]
"first - time voter , lydia scheible from highland oaks says she voted for trump in this year â€™ s presidential election . â€œ i don â€™ t think any of our options are particularly great . some of [ trump â€™ s ] policies i agree with , some of them i don â€™ t . . . ( / ) vote 2 0 2 0 enq",[trump]
backhoe thief drove through florida town allegedly digging up biden - harris campaign signs via,[biden]
people are dying while white women wrap themselves in trump flags on instagram,[trump]
some of these billionaires like michael bloomberg needs to be check to see if the chinese are reimbursing like the they spent on biden campaign,[biden]
when you guys cry he let 2 0 0 k die i see that he saved 2 m,[trump]
the trump family is a corrupt criminal organization !,[trump]
prove it . release your tax returns .,[trump]
this . . . is actually a fair point and tempers some of my fear about what happens in if biden wins today .,[biden]
dude . . . you have no chance of flipping maine,[trump]
"ohioan here . i think trump will take the state but it will be close . trump failed to deliver on economic populism that excited the white working class in places like youngstown and akron . we are also an older state , and the over - 6 0 s here do not think he handled coronavirus well .",[trump]
that â€™ s why we have this trump situation,[trump]
my dirty secret is i have this one friend still dangling in the distance that likes trump that i haven â€™ t ghosted yet ğŸ¥´,[trump]
"you hate her because trump nominated her . at least be honest . but i know your incapable of that . so no more cookies for me . i can live without them and the girl scouts . they are about promoting women , you sure did a hell of a job knocking her .",[trump]
"republicans are already working to pack courts . mitch mcconnell has been bragging about rushing to fill seats after the election , no matter who wins . you never answer any questions . you start name calling or you throw a childish tantrum and walk out , you whiny coward ! vote joe",[trump]
"hunter biden is actually just laptops who stole someone ' s skin . like a weird , kmart ultron",[biden]
you can guarantee if trump wins riots will happen,[trump]
poll results from last week till sunday night show biden with a slight edge . make sure you come and be heard @ westlake laserwash today . i will update results tonight . @ westlake laser wash,[biden]
"i understand you â€™ re into candidates owned by the chinese government with child sniffing tendencies . that â€™ s your choice , as sad as it is .",[trump]
a biden presidency would be the end of yours . enough said ! trump is our biggest threat trump is not america trump is unfit for office vote blue to end the nightmare,"[biden, trump]"
the economy does not matter if you are dead from covid ! trump knowingly spread covid trump lied 230 k died trump collapse trump is pathetic worst president in us history vote blue to end the nightmare,[trump]
i think we mainly wanna know why we would get banned if we did the same to biden . maybe it ' s cuz your side snitches a million times more,[biden]
"no need to vote guys , biden â€™ s got this locked up ! just stay safe at home !",[biden]
dawg fr tho i swear that ' s all it ' s been that last . . . trump this trump that lol,[trump]
i need to go back home and come back to campus with my â€œ support black women â€ t - shirt on playing f**k donald trump on a speaker ğŸ˜­ ğŸ–• ğŸ½,[trump]
this seems especially fitting when you remember that there ' s an official trump ad where he ' s portrayed as thanos .,[trump]
all this does is show how irresponsible you are & that you do not care if your supporters live or die from covid & that biden is the responsible leader we need to get us out of mess that you have created ! trump is our biggest threat trump knowingly spreads covid trump must go vote for joe,"[trump, biden]"
"no buddy , they could not . the dems did not have control of the senate . what don â€™ t you understand about that ?",[trump]
"because is uneducated & he thought if he ignored it like debts , it would go away and also they noticed that it was attacking blue states initially . he was punishing them for not loving him now he â€™ s given up and he â€™ s taking his fans ( who he hates ) down",[trump]
"your rallies led to more covid infection ' s & more deaths , on top of over deaths from your incompetence / mental unfitness . none of this would be happening if not for you ! great american comeback is when you are replaced & jailed for knowingly spreading covid !",[trump]
the biden emails may go down as the biggest political scandal in history . this is historic and x greater than watergate .,[biden]
"this should be retweeted and shared every day ! flood social media with this man ' s vulgar , discusting actions and show everyone how sick and unfit is ! ( make sure to tag him , so he sees it all over ! )",[trump]
trump flags will be needing to be illegal,[trump]
trump ! ğŸ‡º ğŸ‡¸,[trump]
little did they know that trump would transform them into ice cubes . he doesn â€™ t care about you . it pleases him for you to give your life for him,[trump]
blatant election interference . big tech bias election interference,[trump]
"to the people that are still out there that trash talk and would still vote for no fracking , fossil fuel destroying , cellar dweller , hair sniffing biden . . people wake up ! ! ! let â€™ s make this a red tsunami ! !",[biden]
former ohio gov . on talking about how voter turnout is likely so high because of the intensity of emotions . kasich also said likely made a last minute stop in cleveland because ohio is so close right now and the biden campaign sees it as a possibility,[biden]
"\ did trump even mention sandy hook in his newtown \ "" \ "" rally \ "" \ "" ? \ "" """,[trump]
"hey joy , we have an election day for a reason ! how long should we give you people to â€œ find â€ ballots ? we all know if biden doesn â€™ t win , bags of ballots will start showing up . seriously , why must you destroy the country when there are socialist countries all over the world .",[biden]
"hey joy , we have an election day for a reason ! how long should we give you people to â€œ find â€ ballots ? we all know if biden doesn â€™ t win , bags of ballots will start showing up . seriously , why must you destroy the country when there are socialist countries all over the world .",[biden]
"president trump need to do to the teachers union like president reagan did to the air traffic controllers union , go back to work or get fired",[trump]
kamala disaster continues as biden / harris throw leftists under a bus . . . a . . . via,[biden]
"when trump voter ' s say they want a red wave . red is the blood of all of the americans trump let die , with his sub - par so called leadership ğŸ™„",[trump]
totally ! ! ! ! trump ! ! !,[trump]
same thing as is true about the life - long criminal trump !,[trump]
not your concern ! after your voted out you â€™ ll be arrested & prosecuted for your crimes ! vote blue impeach the traitors,[trump]
media caught on huge lie ! smear piece on trump exposed as totally fake h . . . via,[trump]
ask hunter,[trump]
"you know damn well if trump pulls it out , they â€™ re gonna run the entire country the rest of the way off the road .",[trump]
my dad votes trump and he knows damn well i â€™ m voting for jorgensen . it â€™ s known . none of my business changing a year old man . takes a real asshole . this is a judgement call . i am making it . screw that immature girl ( not a strong woman ) for her wicked heart .,[trump]
more couldn â€™ t - didn â€™ t than didn â€™ t - couldn â€™ t but i think the message is clear . the dems r crying hypocrisy over the very relevant facts we know . this is a big deal but it â€™ s not a new thing w the rules being set up the way they r & dems crying ğŸ˜­ about them . the don â€™ t like facts .,[trump]
aye i am all saying for every reason niggas dont like trump they apply to biden too so i would not celebrate if he wins . . . i think its shitty regardless who wins so why vote .,"[biden, trump]"
i â€™ m afraid that â€™ s true ! trump is a dick !,[trump]
cenk uygur starting to panic as he realizes trump can win ! the meltdown . . . via,[trump]
why are you wasting your time ? most of us have already voted and most states just like mine the absentee ballots and mail in ballots numbers have doubled since . you â€™ re going to prison,[trump]
american taxpayers have paid trump over million dollars to take golf vacations .,[trump]
fuck trump .,[trump]
"how is biden supposed to â€œ eliminate or curtail â€ russia â€™ s national stockpile of nuclear weapons ? can russia do that to us ? biden has no interest in friendship w / russia . trump , in contrast , has done nothing about the russian - backed bounties on the heads of american soldiers .",[biden]
there â€™ s no difference they both support trump ! vote blue impeach the traitors,[trump]
you lived in the sixties . woulda thought you â€™ d pick up some good dance moves from them but then again your moves included assault against women,[trump]
what more do they need to know ? trump does not care ! ğŸ˜† ğŸ¤£ ğŸ˜‚,[trump]
"this is down in grove city , or as we call it â€œ grovetucky , â€ which i â€™ m sure isn â€™ t surprising to you considering the people there . however , i â€™ ve seen them all over cbus . there was a parade on that resulted in someone shooting through a semi â€™ s windshield",[trump]
"must be iraq , saudi arabia or russia making ppl stand in lines like this to fix voter registration prob . no its trump america , today do your part to change that . vote biden",[biden]
imagine thinking biden is going to win,[biden]
man you need to shut up and get your go bag ready,[trump]
this is the only evidence needed for biden to start proceedings to impeach her .,[biden]
"trump parade lining up outside my husband â€™ s job . he says there â€™ s at least trucks . when goes down in flames on tuesday , there â€™ s going to be some angry assholes out there . better get ready for it . biden harris 2020",[trump]
joe biden fumbles all over himself ! ! go back to the basement joe . . . he ' s . . . via,[biden]
crowds at rallies prove only stupidity and recklessness nothing else,[trump]
no one does,[trump]
you spelled disastrous wrong ! vote blue to end the nightmare,[trump]
"proof that whether you support the fraud or not , trump does not care about anyone but himself .",[trump]
"do not pretend principles matter to you , if you support divisive , corrupt , vile , compulsive lying , lawless , disrespectful , criminal , tax dodging , hateful , sexual preditor , racist , morally bankrupt , covid spreading , serial flandering , traitorous trump ! not what makes america great !",[trump]
not at all . i â€™ m a libertarian and we â€™ re polling just fine . trump got the job done for me . he locked in that 3 rd fair and square after rng made that wrong decision thinking she â€™ d wait for . must burn you that system played out the way it did . triggered !,[trump]
imagine voting for donald trump lmao,[trump]
when are you going to take down the clinton / biden cabal ? these people need locked up .,[biden]
wow nice try going off subject to divert people â€™ s attention from your people violence . this is just another reason to vote trump out,[trump]
trump already suggested this after you set up the game in months time .,[trump]
the potus has to have the favor of the senate to push a scotus through . barry didn â€™ t have that and we don â€™ t make up the rules but those are the rules .,[trump]
"america is fucking insane . how in the fuck are these the same people who claim their rights and freedoms are being taken , but try to force dems to vote for trump . iq hypocrites . i don â€™ t think all of them are this stupid , but a vast majority are .",[trump]
"ğŸƒ it â€™ s halloween and have we got treats for you ! ğŸ‘» find us at athens courthouse today from - and pick up biden / harris t - shirts , pins , signs and more ! and , while you â€™ re uptown you can go vote ğŸ—³ ï¸ early at the board of elections between - ( or sunday - ) .",[biden]
america was great before but you went above and beyond mr . president !,[trump]
yep that â€™ s what you get from your democratic governors and mayors shutdowns that put a lot of people out of work . vote for trump to get your jobs back,[trump]
trump is truly a piece of shit .,[trump]
trump ' s theme song after he leaves the white house !,[trump]
"definitely both hope and dread , but more hopeful . i â€™ ve seen and heard of many republicans deciding to not vote for trump and / or vote for biden instead . it â€™ s restored my faith in humanity .","[biden, trump]"
"so , most of the poles have trump receiving of republican vote . he has a approval rating within the party . do not you think that he will receive more than of the republican vote . if he does will not that skew what the polls are saying just like last time .",[trump]
top democrats are terrified that trump will win pennsylvania & minnesota . . . via,[trump]
aye what if biden turns out worse than trump,"[biden, trump]"
"not true . i do not know why i need to tell you this , but only you and your buddies will pay higher taxes . because you and your are the one ' s who make more than a year . the rest of us make way less . stop spreading your lies and covid all over america ! ! biden harris 2020",[trump]
democrat establishment in panic mode as trump surges in every key state ! . . . via,[trump]
"yes , it is the worst . he went back inside ; he had seen enough . be safe out there !",[trump]
and just how many abortions do you think your precious republicans have paid for for all their mistresses ? making abortion illegal just means poor people can â€™ t have them .,[trump]
"covid - is something you â€™ re not going to stop . everyone will get it if not this year , you get it next year . it â€™ s not if but when . i don â€™ t care if it â€™ s biden , obama , trump or super man . no one will stop it . live with it and let it run it corse","[biden, trump]"
you have always had great insight ! ! ğŸ‘,[trump]
there â€™ s a trump rally everywhere,[trump]
trump ' s going to win this election by hooker by crook ! the only way we are going to get rid of him is to take him out !,[trump]
