trump is a racist . but you â€™ re not a christian . fraudsfor trump,[trump]
if trump knew how to read i might believe he has sources .,[trump]
biden commercials - â€œ we will control covid . we will create jobs . we will protect healthcare . we will eliminate systemic racism â€ . trump commercials - â€œ biden will ruin everything . that â€™ s all we have to say â€ election 2020,"[trump, biden]"
bullies just like you . . . .,[trump]
how many days until trump gets evicted from the white house ? this many . vote him out,[trump]
"but , but , but . . . hunter biden ! ! ! flushthe turds",[biden]
don â€™ t all trump voters realize he hates them ?,[trump]
how many days until trump gets evicted from the white house ? this many . vote him out,[trump]
"if biden loses , he goes back to delaware . if trump loses , he goes to jail .","[biden, trump]"
i pick the guy who can successfully walk down stairs & ramps .,[trump]
nope . biden / harris will fix your fu mess !,[biden]
punkd us . . . whatever . . . just go away .,[trump]
hush your noise . .,[trump]
"oink oink oink oink oink oink oink oink oink , oink , oink . oink oink oink , oink oink oink oink oink oink oink . oink oink oink oink oink ! ! ! trump is a pig",[trump]
they don â€™ t think we â€™ re dumb . they think trump voters are idiots . they â€™ re right .,[trump]
ğŸ’¯ % remember taxpayers you pay their salaries ! lies deception manipulation all to cover - up biden â€™ s lifetime of cheating america / selling out america .,[biden]
"let â€™ s be real , how long have they repressed their hatred , misogyny and racism , and waited for someone who blames everyone else for their failures to have a political pulpit ? i â€™ m surprised they haven â€™ t painted their trailers with â€œ trump university â€ on the sides . trump losers",[trump]
awesome christa ! ! another trump story explained into reality . trump lies everytime he speaks,[trump]
he ' s too intelligent not to have a cabinet position if biden wins .,[biden]
trump is not qualified for anything .,[trump]
america â€™ s heartlanders are america â€™ s backbone and they â€™ re not stupid ! they completely understand biden couldn â€™ t shouldn â€™ t run a pta meeting let alone their great county .,[biden]
"was about hillary clinton . is about trump . that â€™ s the difference . trump has no closing argument and no money left . if biden loses , the country is way worse than i thought .","[trump, biden]"
pay attention to the facts . . . citizens / taxpayers / hardworking community supporters ! if you vote democrat blindly do some biden research . america does not deserve dementia leadership . or toes up !,[biden]
the race and biden,[biden]
trump ' s too broke to run and too broke to quit,[trump]
. . . is this supposed to be kindergartner ?,[trump]
"i do not think there ' s a shovel big enough for lindsey graham to dig his way out of the giant hole he ' s in . on a side note , this giant hole he ' s in is located on the undercarriage of trump ' s pound body .",[trump]
obama ' s got game . trump ' s got nada . vote blue dump trump blue tsunami,[trump]
"oink oink oink oink oink oink , oink , oink - oink , oink - oink , oink , oink , oink oink oink . oink oink oink oink oink , oink , oink oink , oink oink - oink , oink - oink oink oink , oink oink oink ! oink trump is a pig",[trump]
if biden wins congress will need to do everything they can to limit his power . he will sell our secrets before he ' s out because he ' s a broke douchebag .,[biden]
just to be more clear that i said in this weeks blog post - i voted for bernie in the primary and biden in the general .,[biden]
how many days until trump gets evicted from the white house ? this many . vote him out,[trump]
"trump is the one who taxed americans to death and killed family farms for his lost â€œ trade war â€ with china . trump hoarded ppe to sell to china while americans died . if trump wins , everybody loses . trump for prison",[trump]
the race and biden â€” conflict of interest,[biden]
seems weird the is calling trump a hacker now .,[trump]
