"in pre - election rush , trump oks u.s. funding of science projects in illegal israeli settlements",[trump]
doorknobs have a tad more class than biden .,[biden]
dog whistle to keep harassing / threatening biden and harris .,[biden]
have you checked out trump and his billionaire cabinet ? hahahahaha,[trump]
"i was at a fraternity house when trump won , very traumatic ! for ! me !",[trump]
there â€™ s no telling how much bill barr and trump have sold of americas doj . revealed : trump â€™ s doj moved to quash probe into turkish bank after lobbying from erdogan â€“ raw story,[trump]
just another dump lie,[trump]
emails reveal how hunter biden tried to cash in big on behalf of family with chinese firm via,[biden]
gdp can grow rapidly during a war or after a terrorist attack . rebuilding effort just might boost gdp . gdp is very susceptible to the broken window fallacy . false signals of rising prosperity when obvious destruction is now .,[trump]
sell out ğŸ’”,[trump]
just more orange blob lies,[trump]
i want the man who can walk down those steps ! i could not do it two years ago and i â€™ m younger than biden !,[biden]
"what are you smoking ? if biden wins , it will be because more people voted for him . quite simple .",[biden]
the man says the people deserve bad healthcare . i beg to differ sir,[trump]
trump people are like the walking dead ! they are plum crazy ! i am sick of them !,[trump]
the facts : pay far greater taxes than the top . our taxes were raised by the trump tax scam . scotus is currently being packed by trump and he just threatened them to steal the election for him if biden wins . stop watching fox propaganda . we saw it all with our own eyes .,[biden]
i do not see trump leading in any of those states .,[trump]
retweet for biden ! ğŸ§¢ ğŸ’™ ğŸ‘ ğŸ»,[biden]
i hope they are investigating ! i think that â€™ s why trump is so desperate !,[trump]
we did not have / are not having those this year because of trump ! less than a week to go of this nonsense . ğŸ™„,[trump]
are you voting for trump ?,[trump]
"i will be watching a real , truthful news channel , fox news , trump",[trump]
trump ' s suckers and losers ?,[trump]
outbreaks tied to covid rallies well duh like we didn â€™ t see this coming right,[trump]
not to mention all the people reportedly stranded in freezing weather after the rally . i suppose it â€™ s a tossup between covid - and pneumonia as trump seems to want to insure they go home with a door prize . ğŸ¤¦ ğŸ» â€ â™‚ï¸,[trump]
"we want trump gone , kayleigh . you know that , and our tactics aren â€™ t any worse than you having fox and oan . can â€™ t win ? that â€™ s your problem .",[trump]
just another lie from the orange blob .,[trump]
your all talk but no action,[trump]
and a good morning to you too . more days until harris / biden will be like a fart in a hurricane . ( whoosh ) ğŸ‡º ğŸ‡¸ maga baby ! !,[biden]
its funny how when any muslims carry out beheadings there leaders always say islam is a religion of peace - double standards - i ğŸ™ for the west that its a trump because if that geriatric gets in the west is f - - - - d,[trump]
th economist endorsed biden . trump is the bankruptcy king .,"[biden, trump]"
"i â€™ m so afraid that america is doomed . covid . 4 th indus rev donald trump , nobody wants the other half to have free speech . electing biden maybe a start . i hope so .","[biden, trump]"
"btw , wasn ' t this the obama \ \ biden cages and policies sleepy joe could not deny in the last debate ?",[biden]
"yes , because allowing presidents that were seated without winning elections to appoint anyone to the courts is an embarrassment . the last appointments to the scotus and all of trump ' s appointments to the lower courts should be removed .",[trump]
just more bullsh*t propaganda from the orange blob,[trump]
read this column . every day trump is president is a reminder that the perspective of this administration is extraordinarily limited in an age when the strength of the us comes from our diverse backgrounds and experiences .,[trump]
"\ not only did joe biden called young black men \ "" \ "" predators \ "" \ "" and also said they were beyond redemption . \ "" ""","[biden, trump]"
"i know . he had me removed from the georgia voter rolls . i moved to alabama years ago , but trump is suppressing my vote in georgia .",[trump]
that ' s trump .,[trump]
"candace made a trumpian slip . . . . or maybe not . if she â€™ s for trump , she should be happy with the four years of trump â€™ s mob rule . vote biden harris to save america vote blue to end the nightmare vote",[trump]
well lady here in the uk we are ğŸ™ for a trump win as the west is going thru a bad time which suits old globalist - - - - - - - - like soros make more money out of our misery,[trump]
"can the chinese and russians who bribed , extorted , and bought the biden family can they vote in the election and can joe biden place these votes in the states where he is running low as far as the electorial college ?",[biden]
just more bullsh*t propaganda,[trump]
"? ? ? i â€™ m never playing raid shadow legends , afk arena , or voting for trump . u can stop giving me these cringe ads now",[trump]
here it is . the global plan that has been working well w trump in the usa .,[trump]
andrew yang ran because of trump . that â€™ s it ; that â€™ s the tweet .,[trump]
wanna know how to stop the trump propaganda machine ? vote vote biden harris to save america vote blue down ballot,[trump]
"when doug jones ran the first time , i fully expected him to lose , so i was wildly happy that he won . i am holding onto that for this election . possibly some people are silent because of their trump families , but will choose the right side .",[trump]
another bullsh*t lie,[trump]
"says he doesn â€™ t censor conservative voices yet every time i tweet anything pro trump , anti abortion , pro god or anti biden i get zero likes , zero comments and zero retweet â€™ s from any of my over like minded followers . friends can â€™ t see them . jack , you lie . a lot .","[trump, biden]"
vote trump period ! !,[trump]
can you save america instead ? ğŸ˜‚,[trump]
my concern is police protecting a failed trump admin if he loses,[trump]
just more bullsh*t propaganda from the orange blob,[trump]
i don â€™ t agree with the orange mushroom and things will be better when we finally get leadership after years of reality tv . biden harris to end this nightmare,[trump]
indeed . biden is whipping trump ' s ass in all the poling .,"[trump, biden]"
obama has more soul in his shoes than trump and his administration of crooks and grifters .,[trump]
"tyt rising and even the trump folks if they can get away from him , should all be united against corporate democracy and surveillance capitalism .",[trump]
i â€™ m worried about biden not taking on ubi . it â€™ s all ready popular .,[biden]
good . biden !,"[biden, trump]"
tony bobulinski tells tucker : joe biden denials of involvement in son ' s business ' a blatant lie ' you can â€™ t run joey .,[biden]
this is so ah - mazing ! ! i â€™ m an addict for trump sorrynotsorry,[trump]
sorry good for nothing twit !,[trump]
new flash : the government has been part of the education for a very long time ! ! that â€™ s why god was removed from school but islam is ok or teaching the lgbtq is ok to teach . so spear us your fake outrage about trump â€™ s eo !,[trump]
vote . for . biden .,[biden]
sadly i â€™ m not surprised at all . christians applauding and encouraging cruel and hateful behavior in the name of their idol trump is the new norm .,[trump]
"can the chinese and russians who bribed , extorted , and bought the biden family can they vote in the election and can joe biden place these votes in the states where he is running low as far as the electorial college ?",[biden]
"we believe , trust , and stand with you mr . president . thank you for all you have done for the american people and all you have yet to do ! this is only the beginning !",[trump]
"no they do not , you just want to intimidate voters .",[trump]
why ? corona is great ! trump recommends it .,[trump]
you sound sane .,[trump]
"as if . . . if trump loses , they â€™ re going back to being hard core republicans and will do what they can to prop up people like cotton and rubio",[trump]
wtf do you know pignoramous ?,[trump]
your rhetorical musings are a poor excuse for coming up with interesting news and articles . trump has made you lazy .,[trump]
"man , what is wrong with you . thanks for the reminder . i just donated to democrats in honor of hillary ' s birthday .",[trump]
biden and blames trump .,"[trump, biden]"
"breaking fake news : joe biden decides to find corn pop to have him campaign with him for seconds today , before he closes the lid on his day today . young girls are welcome in his basement , but asks them to wear a mask !",[biden]
thanks for the biden endorsement .,[biden]
i feel so sorry for joe biden and his health issues . jill should talk her husband into dropping out until he is embarrassed even more than he is . she should be ashamed for even pushing him to continue .,[biden]
"you knew how badly a crisis would affect americans in poverty - and you â€™ ve been fighting for us since february . thank you . for saving so many . me included . this is what gods work looks like . â€œ god wants trump to win â€ no , he does not .",[trump]
walked out on the minute interview reckon when he loses he will walk out on the white house we can hope right ?,[trump]
the love - eyed peas and jennifer hudson | joe biden for preside . . . via,[biden]
love when my mom calls me a baby killer for voting biden,[biden]
â€œ dark winter â€ coming if he â€™ s elected - wth is wrong with people . . .,[trump]
"you people are the most dishonest , disgusting excuses for journalists in the world . you are purposely covering for a political candidate , joe biden , who has been caught red handed in his son â€™ s scandal . there are tapes , photos and emails",[biden]
at taxpayer expense,[trump]
"they didn â€™ t have the votes because democrats like to play republican , even though on the right they pretend every single one is wildly liberal . almost none of them are . blame obama / biden , but know the narrative that actually played out .",[biden]
man it â€™ s trump signs all around this hoe,[trump]
", hate to tell ya man , but that motherfucking little stunt you pulled last night in omaha just cost you nebraska , you utter fool",[trump]
"why does he have to , dipshit ? if trump was so great he wouldn â€™ t have to have them . after all , trump filed and started his reelection campaign on ( fact ) soon he â€™ ll be selling trump viagra be he can get it done .",[trump]
"can the chinese and russians who bribed , extorted , and bought the biden family can they vote in the election and can joe biden place these votes in the states where he is running low as far as the electorial college ?",[biden]
it â€™ s not sad . it â€™ s insulting . the biden - harris campaign and dnc believe americans are as mentally challenged as joe is .,[biden]
it is trump who is hiding in his imagination ! hillary was right when she said trump lives in his own reality .,[trump]
"if joe biden wins , windmill cancer will loot thomas jefferson .",[biden]
where are the military votes ? trump ' s admin is blocking a lot of votes and participating in voter suppression / intimidation at the polls . it ' s a multilevel front and seems well planned .,[trump]
trump is the biggest criminal in the history of the presidency .,[trump]
"after learning i was voting for biden a relative asked me not to vote on the grounds it would cancel out their vote , that democrats support full - term abortions , if democrats won we â€™ d be a socialist country within years , no real christian can vote for biden , etc ğŸ¤¦ ğŸ» â€ â™‚ï¸ democracy",[biden]
"he â€™ s spreading this crap everywhere with his rallies . if he loses , he wants to leave biden with the problem . trump virus death toll 275 k",[biden]
this one video is a perfect example of democrats standing silent while biden molests their daughters .,[biden]
"the press , pollsters , twitter , facebook , youtube and google have all sold their souls to get biden elected president . you tube wage theft facebook debates 2020 censorship censorship is real",[biden]
and you just always have to shit on others instead of listing your ( non ) achievements to feel good .,[trump]
manipulated video of biden mixing up states was shared . 1 m times before being removed via,[biden]
it â€™ s election day and for we the people to fire trump & make american great again by voting trump out ! vote vote biden harris 2020 ğŸ‡º ğŸ‡¸,[trump]
"empty words . trump is the biggest liar on the planet , not just the presidency .",[trump]
he was voted the most admired man in the world and remains decent and modest through it all . trump is an ego maniac .,[trump]
breana keilor thank you for calling out trump for luring about biden ! not sure though why we had to hear a trucking toady praise him . obviously been paid or was asking for something .,"[biden, trump]"
right,[trump]
who is running the trump campaign for you there at the hill ? this is garbage .,[trump]
we enjoy the show because it â€™ s usually somewhat nonpartisan . not so much today . obviously it â€™ s your your hail mary for biden . you really believe trump â€™ s withdrawal from the iran nuclear â€œ agreement â€ provoked iran ? really ! ? goodbye .,"[trump, biden]"
you have never looked good . . . some of your friends ain ' t bad tho .,[trump]
"i don â€™ t believe for two seconds pelosi , mitch and trump tried to do shit , i â€™ d believe they conspired the entire bs scenario before i believe that",[trump]
"she â€™ s dumb as box of rocks â€¼ï¸ she said trump stranded people to teach them a lesson . lawd , you can â€™ t make this sh*t up ! vote them out vote blue to save america biden harris 2020 covid 19 trump crime family trump for prison 2020 resist",[trump]
the last person they endorsed resigned before he was impeached . nixon . old age douche bag,[trump]
so ? nothing on them .,[trump]
this is just the latest in trumps thumbing his nose at a lawful and honest government ! trump is guilty of this and i hope she gets a fair trial .,[trump]
i do not want to hear ever again that trump and his supporters are pro - life . i thank god everyday that my father died just before all the patients in the nursing home tested positive . we were able at least to be with him . this is heartbreaking .,[trump]
yes they do mrs . trump .,[trump]
neither is making a senile old man ( biden ) run / jog up and down the stage at his mini - rallies . that â€™ s cruel !,[biden]
tell me one mass incarnation bill trump wrote that enslaved black pple ? then tell me one women who enforced this bill on trump â€™ s team and incarcerated more black men then any other race ? i â€™ ll wait .,[trump]
that ' s trump . obama is a kind and caring person .,[trump]
"me too . you aren â€™ t alone in that , i â€™ m worried about them looking like they â€™ ve won and then them freaking out if mail ins take it for biden",[biden]
"i know you had to be talking about joe biden and his corrupt family , trump","[trump, biden]"
i dreamed i was fired from my job as worship pastor for leading a song w / anti - trump bias . woke & fell asleep again & dreamed i was visiting a church where my former drummer irl was playing . it was huge & confusing . i â€™ ve had church dreams since i resigned - years now .,[trump]
we love you ! god has placed you there to lead his people ! i â€™ m so blessed to live in america ! thank you for fighting the good fight and setting us up for victory everytime ! you have been working tirelessly for us and we are never going to forget ! usa maga trumptrain,[trump]
"fire with fire . ok ashley your turn . . . go ! ! ! ğŸ˜ kidding . that â€™ s pretty embarrassing . she thinks she serving all trump supporters and getting people fired up for joe . she don â€™ t get were like â€œ oh no , oh sweetie . please stop",[trump]
obama makes you look like a dribbling idiot . vote them out,[trump]
that ' s trump you hear,[trump]
that implicate joe biden for using his name and office2rake in millions for his family . there is evidence that joe biden covered up abuse of his yr old granddaughter by hunter biden . there is evidence of blatant corruption by joe and hunter . you are lying by omission . pathetic .,[biden]
"sorry , twitter is too busy talking about all those people suffering hypothermia and other health issues from being stranded in freezing weather after your omaha rally because you forgot they existed as soon as the rally ended . omaha trump rally disaster",[trump]
the lord will bless trump ( and us ) for blessing israel . obama and briben actually worked against israel ! lord jesus i know you hear my prayer for donald trump to have another years in office ! thank you lord for blessing the united states with donald trump !,[trump]
pure bullsh*t,[trump]
"what ' s that ? oh , the bankrupt tabloid ? lol",[trump]
clueless . this isn â€™ t .,[trump]
why the censorship if the dems believe in biden ' s message ? what is big tech afraid of ?,"[biden, trump]"
"i â€™ ll give trump some credit . â€” hang on . . threw up in my mouth a bit â€” but to his credit , no one or no thing has eliminated apathy produced voter turnout like his presidency . literal both sides issue . goofy red towns like mine & blue cities turning out in droves .",[trump]
"trump supporter committing extortion . extortion , pre - trump , was a crime . now . . . . who knows ?",[trump]
"bright lights energize his dementia , defeating his near constant adderall drip ? biden even wore darkly - tinted contact lenses during the debates because of the tv lighting .",[biden]
cenk . there is an actual plague and you don â€™ t even like biden . wtf,[biden]
"harry , oh harry . biden wants to charge middle income people like me more per year in taxes , and he supports abortion until birth . i do not think that ' s very kind .",[biden]
but the stock market is flying and we are rounding the corner eh ?,[trump]
"i don â€™ t think people are voting for tuberville because he â€™ s a football coach . people are voting for tuberville because he â€™ ll be subservient to trump , has a list of â€œ policies â€ that read like a talk radio fantasy novel , & is a republican who hasn â€™ t been banned from a shopping mall .",[trump]
is trump flying to russia tonight ? his master putin will be happy to receive him .,[trump]
praying our has such a landslide victory that would have to cast her electoral vote for donald trump . trump 2020 baby ! ! ! ! !,[trump]
"yahoo news / yougov poll : with one week left , biden ' s lead over trump grows to points â€” his biggest yet","[trump, biden]"
hard fail . nothing to do with biden .,[biden]
trump â€™ s the guy who introduced lil pump as lil pimp and repeatedly called hypersonic missiles â€œ hydrosonic â€ . that â€™ s the trump pointing out gaffes ?,[trump]
i have never seen any president flag until trump,[trump]
biden has the edge .,[biden]
she â€™ s awesome . savage,[trump]
- it was my first year of marriage . my wife was putting up the first christmas decorations . results start rolling in and i was stunned . could not believe trump won . stayed up all night until the results were announced .,[trump]
history will remember you kiev ! it will not be pretty ! ! ! you â€™ re on the wrong side of it !,[trump]
it ' s the most important election to get rid of you,[trump]
"with five days remaining before the us election , biased american msm has â€œ put a lid on â€ anything remotely critical of biden .",[biden]
"can the chinese and russians who bribed , extorted , and bought the biden family can they vote in the election and can joe biden place these votes in the states where he is running low as far as the electorial college ?",[biden]
"he has a huge heart â™¥ï¸ of empathy compassion love caring , unity . joe biden is not division , not racist not xenophobic was not raised with hatred . he was raised with morals , true christian faith , not fake christianity like uses to make himself look good .","[biden, trump]"
"exactly ! if you want to know what crimes trump and the are committing , just look for the blame they â€™ re accusing of others . trump is killing us trump is a loser trump lied 230 k died",[trump]
"apparently , trump is trying to get her endorsement . trump meltdown",[trump]
"fuck you nancy pelosi . fuck you mitch mcconnell . fuck . you . donald . trump . sorry if this offends you , genocide usually isn â€™ t taken lightly . especially this lightly .",[trump]
"days ago my mom told me a trump supporter in strongsville started hitting her car & a police officer called him over & gave him a piece of paper . â€œ vehicles flying trump flags â€˜ harass â€™ a biden - harris campaign bus in texas , the new york times & cbs report â€","[biden, trump]"
"if this is your idea of fun , i feel sorry for your sad life .",[trump]
"how to destroy america â€™ s sovereignty , influence , independence in a disastrous trojan horse biden administration which would become a socialist - green harris administration within months of .",[biden]
when trump wins it â€™ s gonna be my best birthday present ever,[trump]
in the fbi pushed the hoax that trump betrayed this country ! in the fbi is covering up the that h . clinton and biden along with his son sold out our country . ask yourself why ?,"[biden, trump]"
see how is this even close ? what the hell does trump have to do ?,[trump]
wtf is wrong with all of the trump men â€™ s mouths . . .,[trump]
no . that ' s the only way trump could win .,[trump]
"yay ğŸ˜ƒ you go e jean kick his butt , prove he raped you send him to prison for the rest of his miserable life . it â€™ s time to prove no one is above the law not even donald j trump",[trump]
never saw anyone get ratioed so badly .,[trump]
you and your administration need to be charged with murder of people,[trump]
trump is gonna gitmo after the election .,[trump]
because they had no idea trump ' s national security advisor would call the russians . duh .,[trump]
joe is gonna win so shut up,[trump]
we need police especially when men are capable of drug women with the plan b pill,[trump]
just more bullsh*t lies from the orange blob,[trump]
"almost certainly yelling into the echo chamber at this point , but if you haven â€™ t voted yet , please go out and vote ( important detail : for biden / harris )",[biden]
it ' s already over . trump does not stand a chance .,[trump]
is it just me or does biden sounds like he â€™ s chewing on a turd while trying to talk patriotic .,[biden]
just of them - trump ' s most tremendous scandals : the definitive list | the daily show . . . via trump is a national disgrace vote blue 2020 vote blue down ballot vote blue to save america 2020,[trump]
"yeah , right wingers . so how about that laptop stuff front the biden camp . proof is right there . don â€™ t have to be gullible when the proof is in your face . i think stupidity was the word you used ? just the wrong party .",[biden]
just more bullsh*t propaganda,[trump]
"can the chinese and russians who bribed , extorted , and bought the biden family can they vote in the election and can joe biden place these votes in the states where he is running low as far as the electorial college ?",[biden]
even after we vote in numbers to large to contest this isn â€™ t over we â€™ ve got to get shitheads like fake christian & bible verse blathering out of office . they are liars all of them there â€™ s not of them that didn â€™ t support don â€™ t let them lie,[trump]
sweety clinton is not president he has been out of office since .,[trump]
you paid taxes . . . .,[trump]
how much of trump ' s hair and makeup deductibles does this outfit equal again ?,[trump]
hannity : biden finally tells truth with stunning debate confession via,[biden]
he ' s points ahead of trump .,[trump]
"last week i saw a bright flash and heard an extremely loud clap in my front yard - like lightning , but clear skies / good weather and transformer was ok / house lost no power . i am , however , the only person with a biden - harris sign . i wonder if i will see and hear another today .",[biden]
"come tuesday , ding , trump is gone .",[trump]
i â€™ m fucking ecstatic y â€™ all . go biden !,[biden]
trump speaks . they â€™ re rounding the corner . they â€™ ve done very well . you are seeing unity nobody â€™ s ever seen such unity in history of world . the likes which nobody â€™ s ever seen before . we â€™ ve done very well !,[trump]
us election - pls pls pls american people vote for trump or the west will be f - - - - d under biden,[biden]
if i were trump i do not believe i ' d be messing with the fbi right now .,[trump]
vote blue and get rid of gop,[trump]
"see y â€™ all got mad at jared kushner over something he said and y â€™ all out here burning ğŸ’© down over your social justice outrage while y â€™ all still voting for same dang pple who wrote the laws y â€™ all rioting over , all b / c you believe trump is a racist . ğŸ˜‚ ğŸ¤£",[trump]
the more trump talks the more certain i am that he cooked up his sickness to cover up a minor stroke . he had to get hold of the limp and aphasia . he really should be at home resting and continuing pt .,[trump]
this is great in a way . but it is yet another mess trump will leave us ! it will be in court whether trump is in office or not ! trump has left us a tangle of problems to fix or pay for ! ğŸ˜¡ ğŸ˜¡ ğŸ˜¡ ğŸ˜¡ ğŸ˜¡ ğŸ˜¡ ğŸ˜¡ ğŸ˜¡ ğŸ˜¡,[trump]
"the establishment and joe and kamala are normal corruption . trump is a step beyond that , and exponentially more dangerous .",[trump]
"he ' s sweating not because trump is going to be reelected , but because he can see himself being prosecuted for everything . i would be sweating also .",[trump]
just more bullsh*t from the orange blob,[trump]
bullsh*t,[trump]
trump doesn â€™ t care about us . he only cares for himself . trump does not care about you trump doesnt care trump lies everytime he speaks trump lied 230 k died vote him outand lock him up vote him out,[trump]
"are you finished packing , ? i saw a commercial this morning and you â€™ re lying again and begging supporters to split their ticket ğŸ¤£ ğŸ¤£ ğŸ¤£ ğŸ¤£ you â€™ re a clown . is going to beat you in a landslide !",[trump]
"if i see trump supporter in lynwood today while driving , me los llevo alv ğŸ˜‚ ğŸ’€",[trump]
my state is always a trump supporter even though were poor ass fucking hell and when he came to mobile we had to flipped the bill not him that ' s how stupid republican alabama party is .,[trump]
should christians reject joe biden ?,[biden]
imo trump winning again would be a final * f you to the establishment probably us as well though .,[trump]
trump has a real estate course to sell you .,[trump]
pure bullsh*t,[trump]
"well they don â€™ t have to accept that , but they do have to accept the voting tally . tbh every trump person in al i â€™ ve talked to has begrudgingly said they â€™ d accept it . imo the right isn â€™ t typically as resistant as the left . biologically they are more apt to bend the knee",[trump]
"donald trump jr . is not potus , the disinformation & lies he spreads need no airtime & should be stoped on social media . use your power to silence his nonsense because he â€™ s only hurting us . don â€™ t let him speak on the news .",[trump]
just more bullsh*t from the orange blob,[trump]
"we will take ga and oh , but trump will retain florida and texas .",[trump]
no wonder you losers are losing .,[trump]
oh hell no . . . no real life trump supporter is shy about it . . . they â€™ re super obnoxious about it,[trump]
"your absolutely right ; along with these evangelicals , they know is evil they know god despises those who display themselves as he does . his childish bs call this virus anything other than covid19 is beyond reprehensible , he does that for reason to stir up hate",[trump]
"so much projection from trump and the . if you â€™ d like to know what they â€™ re guilty of , just look for what they â€™ re blaming others . trump crime family for prison trump crime family trump crime syndicate trump is a russian asset trump is compromised trump lies everytime he speaks vote him out",[trump]
just more bullsh*t from the orange blob,[trump]
"can the chinese and russians who bribed , extorted , and bought the biden family can they vote in the election and can joe biden place these votes in the states where he is running low as far as the electorial college ?",[biden]
voted early for biden / harris,[biden]
"vote . . . . . . don â€™ t ever think your vote won â€™ t matter . . . . vote , vote , vote . . . . . . trump !",[trump]
anyone at a trump rally is in an altered mental state . how could they tell ?,[trump]
biden is not the one points behind in the polls .,[biden]
"how is trump a racist ? when did trump call blk pple savages or super predator ? when did trump say he did not care what cased young blk men or teen boy to comment crimes , just lock them up ? but by all means let â€™ s not talk about none of that , your correct , i digress .",[trump]
"no . the problem will not be trump , it ' ll be the terrorist he ' s been calling to arms .",[trump]
i think we know that i don â€™ t know any trumpers in my very red state who have been ignored by trump . he loves alabama because he thinks we â€™ re so stupid we believe anything . and my dumb neighbors here adore him so they think they â€™ ll get something .,[trump]
that ' s why my doctor appointment is months away,[trump]
"cult rallies are not votes . trump will never catch up in these states ,",[trump]
right . because the only fans professional athletes have are in the stands for games ( insert biggest eyeroll ğŸ¤˜ ğŸ½ woooooo ğŸ¤ª ever ) . . . geez laweez,[trump]
trump had a stroke not covid .,[trump]
"ummm , no . you wrong . biden no patriot . a criminal . should be arrested .","[trump, biden]"
let us end this nightmare once and for all . join me in voting trump out of office ğŸ‘»,[trump]
"bernie makes sense , they are more similar than i thought as a berner in rhetoric and many voters are not very cerebral . people who voted in then yang / tulsi make sense . supporting yang / tulsi / marianne , then voting for trump is weird though . in what way does that end /",[trump]
"what ? thought you were a trump supporter . i was , looked at all the facts . but then . . . the tennessee biden supporters ripped that thriller dance and straight served the trumpers ! ! i want to be in the party that doesn â€™ t accomplish anything ? but gets jiggy with it . woke ! ğŸ˜‚ ğŸ˜‚ ğŸ˜‚","[trump, biden]"
trump is such a criminal and liar he cannot rebutt anything .,[trump]
you do shit like this if you â€™ re batshit crazy ! that is a trump supporter ! i am beginning to be thankful that i lost the family & friends who support him . i don â€™ t need loons in my life !,[trump]
just more bullsh*t propaganda,[trump]
having trouble remembering when this happened with biden / harris painted instead,[biden]
even they have the biden â€™ s figured out . . . .,[biden]
"the establishment media ripped us apart in , stay in this fight . if biden wins , don â€™ t press snooze . the work begins now ! ! !",[biden]
that ' s a bald - faced lie .,[trump]
"this black man said , â€œ trump is the better candidate ; because he providing more jobs in black neighborhoods . â€ this is a bunch of gobbledygook ğŸ˜‚",[trump]
posted up with donald trump,[trump]
poster child for the biden - harris campaign ?,[biden]
"tbh , it ' s more than a little ironic that the trump people have been going after hunter biden ' s drug use , meanwhile djtj is on laura ingraham last night fully on cocaine , replete with bloodshot eyes and coke - jaw . un - fucking - real .","[biden, trump]"
exclusive : national security nightmare of hunter biden ' s laptop via,[biden]
your hard on against trump is getting tiring thank goodness you can stop on tuesday otherwise get some help !,[trump]
i would love to see trump claim victory before all votes are counted and get shocked when it turns out biden won after all . how embarrassing that would be haha .,"[biden, trump]"
how true . trump is done with them .,[trump]
i am tuning in at pm est to hear from biden ' s campaign manager jen o ' malley dillon and senior advisor bob bauer about what we can expect on election night ! join me â¬‡ï¸,[biden]
more from the trump campaign staff at the hill .,[trump]
"trump supporter committing extortion . extortion , pre - trump , was a crime . now . . . . who knows ?",[trump]
"no , but i wonder why they are not out shouting their support for biden . vote biden harris 2020",[biden]
"i definitely want biden to win and am voting for him , but i can â€™ t get my hopes up this time . gotta keep both options open imo in case we / the media missed something big .",[biden]
you got to keep the money you earned . that â€™ s why . dorks . now this news lol . ok . now do hunter biden .,[biden]
â€œ i don â€™ t know anyone voting for biden â€ ğŸ™ƒ you live in a red state . duh !,[biden]
"i â€™ m no longer supporting artists or anyone who supports biden , and i encourage everyone to do the same ğŸ˜‰ â¤ï¸",[biden]
"oh i â€™ m fully aware who started the war on drugs and what state the drugs were ran out of . billy boy clinton was involved in that . but will you talk about that ? nope . but i watched and dug for myself . trump isn â€™ t the problem , it â€™ s all those who are in there now ! but will u say tat",[trump]
"why don â€™ t the democrats investigate this story this true story instead of what they did to the president that all that wind it up being was a joke , a hoax , this is very serious and very most likely truthful investigate this democrats , joe biden is a crook his family is crooked",[biden]
you can â€™ t think straight jim what with trump living in that head of yours rent free .,[trump]
predictions ? donald trump needs pennsylvania and florida to win . . . . .,[trump]
"step away from the cocaine , jr",[trump]
they all can not be that great donald trump ' s mistake ( like you ) .,[trump]
"lifting the protections in place for the tongass national forest has proven that is not only an enemy to the people of the united states , but also planet earth as a whole . i ask you , why put your faith in a man who lies to you and works to destroy our planet ?",[trump]
biden with gaga yay !,[biden]
"always curious about the meaning of : â€œ battle for the soul of the nation â€ what battle ? biden - harris ? be serious ! soul ? pandering to race ? morality ? ethics ? spirituality ? again , biden - harris ? ? nation ? china , venezuela , sorosland ? a socialist - communist america ? meaningless slogan .",[biden]
more to come . . . counting down donald trump â€™ s most tremendous scandals : - | the d . . . via scandal trump lies americans die liar in chief gop gop corruption republicans are destroying america traitor in chief vote biden harris to save america,[trump]
"â€œ the reason russia wanted trump to run was to sow chaos â€ - well , ya got that .",[trump]
"so if you went to a biden rally , and the transportation at the event failed your expectations ; would you still support biden ? would that make you vote for trump instead ? ? ?","[biden, trump]"
yes ! we used to be able to say every president was moral and had best at heart . we disagreed on policy but no one was intentionally harming us . we deserve biden who care about us and will work for our health & safety .,[biden]
i didn â€™ t see trump jogging anywhere . . ever !,[trump]
well my friend if trump does not win there will be more of this from this scum as the greedy money bastards in the west who are not affected by this type of action will do sfa to stop it,[trump]
just think â€œ depraved sleaze â€ whenever you hear the word â€œ biden â€ . they will never disappoint you .,[biden]
real ?,[trump]
"candace made a trumpian slip . . . . or maybe not . if she â€™ s for trump , she should be happy with the four years of trump â€™ s mob rule . vote biden harris to save america vote blue to end the nightmare vote",[trump]
gop bot,[trump]
"good comparison . maybe you should have tried that months ago rather than on nov . 1 st , but you were too busy whining , crying , moaning , bitching and pretty much playing defense . the democrats were owning you because you â€™ re easy .",[trump]
pls pls pls tell your people us in the west need trump in or we are all f - - - - d and that my friend is a fact - god bless america -,[trump]
"that clenches it , trump to win texas by . next !",[trump]
donald trump won by last time . we are going to blow it out of the water . yang gang .,[trump]
bs . nobody prepays taxes .,[trump]
let us say trump wins and house stays dems and the senate stays repub . what ' s going to change ?,[trump]
pete should be in biden administration if he wins,[biden]
how much $$ $ did farmers need in aid to compensate for the trump trade war ? are the pulling themselves up by their bootstraps or taking socialist program $$ $ ?,[trump]
âœŒ âœŒ âœŒ till your out,[trump]
you should shut up,[trump]
"if trump had pushed the stimulus / ui . i would â€™ ve considered voting for him . he â€™ s a fraud ! you know it , and i know it .",[trump]
"mick , are you voting for joe biden or against donald trump ?","[biden, trump]"
"if trump win we purge , simple",[trump]
tucker carlson interviews hunter biden business partner tony bobulinski about joe biden involvement,[biden]
wanna know how to stop the trump propaganda machine ? vote vote biden harris to save america vote blue down ballot,[trump]
"i hear a lot of republicans fear mongering saying if biden wins , religion is dead . christianity is lost . that someone cannot vote for biden and be a christian ? ? the ignorance and arrogance is staggering . for so many reasons . but i â€™ m deeply touched praying w / these sisters today .",[biden]
because it ' s a bullsh*t lie and you know it .,[trump]
can you please just go ahead and pitch your little tantrum and leave now . we all know that ' s where this is all heading . vote them out,[trump]
"trump took them back to pay for â€œ build that wall ! â€ . or , trump used them to pay his debt to russia . or , he sent them as an early christmas present to xi jinping or , melania needed a new frock . or , trump used them to pay for a pornstar . or , trump used them to pay his taxes .",[trump]
"america , please don â€™ t allow and turn us into the mango mussolini republic ! vote blue to end the nightmare vote him out vote blue to save america vote biden harris to save america vote blue down ballot",[trump]
just voted against trump here in alabama ! les goooooooo,[trump]
it ' s even more scary to think biden is the one taking them anywhere !,[biden]
"trump embodies antichrist . cleaver manipulator of free will encourages evil . marked by # of beast billion deficit , said he could shoot someone & get votes . misled millions to over deaths & his blood injected with fake cure derived from aborted fetuses . vote him out !",[trump]
"please god , let biden win pa .",[biden]
i see one or two states that definitely aren â€™ t blue but you needed to make a point i guess ğŸ‘,[trump]
i thought it was funny . biden did say really racist stuff over the years but some pple seem to forget that .,[biden]
if trump ' s involved you can trust it will be bankrupt within a year and ruin dozens of careers .,[trump]
that ' s trump all right .,[trump]
the love - eyed peas and jennifer hudson | joe biden for preside . . . via one of my favorite people in the whole world shared this with me . don â€™ t miss it . biden harris 2020,[biden]
haven â€™ t you got better things to do besides tweet ? ? like running the country ? ? passing stimulus to those who need it ? ? you are the worst president ever ! ! ! anyone who would vote for you is out of their mind blame trump dump trump 2020 fdt gojoe2020 ridin with biden,[trump]
just more bullsh*t propaganda,[trump]
top ways trump failed you too epically ever to be reelected via,[trump]
trump makes that mistake with a lot of women he screws .,[trump]
evangelical elites try to demonize votes for trump,[trump]
because it ' s a republican lie .,[trump]
biden is step one .,[biden]
"can the chinese and russians who bribed , extorted , and bought the biden family can they vote in the election and can joe biden place these votes in the states where he is running low as far as the electorial college ?",[biden]
biden is .,[biden]
"how many of you guys believe this guy was paid big bucks to say this crap , lol joe biden compromised that â€™ s funny coming from fox entertainment . joe biden had no plan of running in , this supposedly happened . what could biden offer them ?",[biden]
"glenn greenwald resigns from a company he helped create after his biden scandal piece was not allowed to run . much respect huge move , integrity in check , you the man !",[biden]
does that pertain to trump ? he wants to claim to be a federal employee to get his doj to represent him ( for free ) in a rape case .,[trump]
just more bullsh*t from the orange blob,[trump]
no one can make me feel ashamed of liking yang . or voting for biden . soooooo why feel ashamed of voting trump ? cause it â€™ s shameful,"[biden, trump]"
i like what she has ti say ! the other candidate is a trump sicko !,[trump]
can the chinese and russians who bought the biden family vote today ?,[biden]
"yes , trump threatens â€œ the rule of law â€ . he also threatens our lives . trump is a fraud trump crime family trump is a mass murderer trump is a liar trump is unfit for office trump is not america dictator trump dump trump 2020 dump the turd nov 3 rd vote biden harris to save america vote blue down ballot",[trump]
"when behar says she â€™ d support ï¿¼ abu bakr al - baghdadi over donald trump , you recognize tds idiocy when you hear it . now there â€™ s a thought . in the next life , maybe al - baghdadi and behar are made for each other . karma takes awhile .",[trump]
"who had better odds , biden to win alabama or auburn to win the national championship in summer ?",[biden]
that â€™ s what i say ! stephen king said trump was more frightening than anything he could write ! ğŸ˜±,[trump]
"america , please don â€™ t allow and turn us into the mango mussolini republic ! vote blue to end the nightmare vote him out vote blue to save america vote biden harris to save america vote blue down ballot",[trump]
yep hopefully people realize that trump is the answer .,[trump]
he has a long way to go .,[trump]
took a few minutes . super easy . trump trump trump trump let â€™ s go ! ! ! !,[trump]
they â€™ re just so bold about it ! trump & those worthless kids accusing everyone when they do much worse ! . and now the amy twit judge goes along with corruption ! i hope clarence thomas sexually harasses her ğŸ˜¡,[trump]
"you know , biden did fucked up things . advocating for republican policies like cutting ss and medicare . he also lost his family and was clearly angry for a long , long time . people change . i â€™ m going to give him a chance - because he behaves like a human being .",[biden]
who ' s that ?,[trump]
smoking - gun email reveals how hunter biden introduced ukrainian businessman to vp dad,[biden]
"this astrology prediction from india was shared to me in a whatsapp group . this astrologer predicts to win but a margin of to votes , while predicts vp biden to win . not a believer in either of them , just to be clear ğŸ˜","[trump, biden]"
"time to grab my id , mask , and sanitizer in order to brave the churning sea of ride or die trump voting republicans so i can cast my vote ğŸ˜· ğŸ—³ ğŸ§¢ ğŸ¤ ğŸ» vote responsibly election 2020",[trump]
if you â€™ re black an really wanna know how another black person feels about you . . tell em you a trump fan ğŸ˜‚ ğŸ˜‚ ğŸ˜‚ ğŸ˜‚,[trump]
"yup , the fix is in there in pa . they will manufacture votes all day today for biden .",[biden]
"no , everyone needs to vote . . . but it â€™ s ok to tell it like it is . . . trump and his supporters are horrible people . . . facts are after all , facts ğŸ¤· â€ â™€ï¸",[trump]
you failed covid check the deaths,[trump]
le pen n trump is what the west need to survive the takeover from the scum in society,[trump]
"not quite , hume . we â€™ re conservatives and we like what he has to say . be precise : trump pisses off rinos , neocons , and establishment republicans who have tds and are losing their minds as fast as joe biden . we are ready for his broom to sweep clean .","[biden, trump]"
"no one stands with rioters and looters , unless they are one of them . everyone stands with protesters against pignoramuses like you .",[trump]
does everything better ! nothing but net ! swoosh ! vote blue,[trump]
yea they â€™ re seconds away from being attacked by white supremacist ğŸ’”,[trump]
pure bullsh*t,[trump]
"if trump wins , thomas should step down and get replaced by barron .",[trump]
"fox news is getting liberal democrats crap , trying to watch trump rally and then they went to communist biden . anyone with a brain that watching fox do not want to hear from communist biden ! !",[biden]
yes yes yes we all ğŸ™ for a trump win as if he does not western civilization is f - - - - d,[trump]
with all this blocking of highways and bridges is voter intimidation . call in national guard or make police arrest ! it may take all fbi and others to free up ! if they block voters then this election cannot proceed . get it together and take charge if trump .,[trump]
just more bullsh*t propaganda from the orange blob,[trump]
once again . . . either a member of trump â€™ s inner circle is a massive idiot . . . or he thinks you are . it â€™ s one or the other .,[trump]
malaina looks constipated .,[trump]
she â€™ s a parody account btw . she does funny videos parodying trump supporters .,[trump]
"amazing we are even having to entertain this possibility in america . and yeah , trump is a major flight risk .",[trump]
has biden ever mentioned snything about people getting another stimulus check ?,[biden]
"can the chinese and russians who bribed , extorted , and bought the biden family can they vote in the election and can joe biden place these votes in the states where he is running low as far as the electorial college ?",[biden]
campaign ad on my tax dollar ? ! ! ! no way .,[trump]
trumps have their own products made in china !,[trump]
now this is exactly like trump !,[trump]
well there â€™ s another celebrity i don â€™ t like anymore dump trump 2020 fdt,[trump]
everyone has a right to vote and have their counted .,[trump]
"we can only hope michigan bars and restaurants will receive names and phone numbers like : â€œ gretchen whitmer , lansing , mi . br - â€ â€œ joe biden , wilmington , de . - - - - ( he forgot his home phone #) â€",[biden]
obama â€™ s biden rallies with - people . love the karma wheel .,[biden]
happy birthday ! happy biden day !,[biden]
yall mad about biden but aint vote for bernie ğŸ™„,[biden]
the largest case of gaslight i have ever seen from the media continues . trump +,[trump]
"the volume , widespread nature of screaming suggests more than a ripple has occurred in the farce ( aka biden - harris campaign ) . they â€™ re worried . traction w / voters is increasing . days before and the facade hiding biden family corruption is crumbling .",[biden]
why are we hearing anything from trump ?,[trump]
did you go to this one today ?,[trump]
democrats are contacting people who moved from texas to vote for biden .,[biden]
dont worry trump is going to win .,[trump]
"yes , your period is coming ğŸ”´",[trump]
"while her husband said this at a rally : â€œ anybody see the picture of their crazy bus driving down the highway , they are surrounded by hundreds of cars , they are all trump flags all over the place , â€ mr . trump said , chuckling .",[trump]
fuck donald trump,[trump]
george lopez you idiot who never knows what state he ' s in .,[trump]
"can the chinese and russians who bribed , extorted , and bought the biden family can they vote in the election and can joe biden place these votes in the states where he is running low as far as the electorial college ?",[biden]
"damn , i think trump will cheat",[trump]
"trump supporter committing extortion . extortion , pre - trump , was a crime . now . . . . who knows ?",[trump]
honestly this is not shocking i would not be surprised if most celebs in his tax bracket or higher will vote for bottom line you should not trust none of these rappers no matter what they say publicly,[trump]
and yes . i left bumping â€œ fuck donald trump â€ no care in the world .,[trump]
i voted for biden today in alabama ! ğŸŒŠ ğŸŒŠ ğŸŒŠ,[biden]
that â€™ s a lot of why i grieved so in . everyday trump did something unspeakable and i would think â€œ not in my country â€ . i think it destroyed my pride in america . i have been thinking of moving at my age !,[trump]
he â€™ s getting your husbands killed because he â€™ s a complete idiot along with every republican ever elected & they prove they are idiots on an hourly basis,[trump]
no you don â€™ t ! trump you paid for plenty of abortions !,[trump]
i can not wait to vote for biden / harris ! !,[biden]
wth . . . she talks like trump is a leader of a cult .,[trump]
has shown all of us & the world ğŸŒ exactly what he & of americans are it â€™ s so sad to think that these people will probably raise another generation of racist . i was raised in the - 7 0 s my mother was a good christian woman we were not raised like that sad ğŸ˜,[trump]
only the republicans can pack the court .,[trump]
"tired of trump , deutsche bank wants out but sees no good options , sources say",[trump]
i really doubt that joe biden winning in georgia,[biden]
trump is so pathetic .,[trump]
"if i am joe biden , i look into the camera and say , â€œ donald trump , you â€™ re fired â€","[biden, trump]"
if you vote trump your breath stinks idc . .,[trump]
wall street drops donald trump in favor of joe biden,"[biden, trump]"
the list is too long . vote blue to end the nightmare vote biden harris to end this nightmare vote biden harris 2020 biden harris 2020 vote blue 2020 vote blue down ballot,[trump]
i don â€™ t know what they â€™ ll do . i â€™ ll fight for ubi same as always . but still fuck donald trump,[trump]
breaks my heart that & that sorry son - of - a - bitch were so evil and heartless that they would do this to anyone â€™ s kids . let â€™ s rip kids away & put them in a cage or katie miller â€™ s baby once it â€™ s born let â€™ s put it in a ice cage sick pukes,[trump]
"all the democrats want to do is try to install fear in the american people that â€™ s what they â€™ re trying to do to the american people instill fear , we know that donald trump is doing a great job with covid but the democrats think the american people are stupid trump",[trump]
"sorry , but twitter is too busy talking about all those people , including the elderly , suffering hypothermia and other health issues from being stranded in freezing weather after your omaha rally because you forgot they existed as soon as the rally ended . priorities you know",[trump]
trump ' s time in the barrel is coming .,[trump]
"\ nope . because they ignored the warnings that health officials have implemented for their \ "" \ "" god \ "" \ "" donald trump . . . zero fcks given",[trump]
common sense again mr president,[trump]
ben shapiro didn â€™ t vote for trump in . did he just . . . not vote ? ğŸš© a political analyst didn â€™ t vote ? that is so fucking strange .,[trump]
trump bad .,[trump]
fauci + biden = worth noting,[biden]
no thank you . i will not be supporting anyone or any business who supports biden . good day â¤ï¸,[biden]
"oh yeah , it had nothing to do with being followed with armed whackos trying to run them off the road . trust me , they brought biden a lot more votes . america is not going to put up with this outlaw crap when trump is out .","[trump, biden]"
the most admired man in the world does not care what trump says .,[trump]
"if biden feels he has to lie about that , what else would he feel comfortable lying to us about ?",[biden]
how crazy is that ? good biden is ahead in pa .,[biden]
ok now you know ! trump is desperate .,[trump]
for trump .,[trump]
"so much projection from trump and the . if you â€™ d like to know what they â€™ re guilty of , just look for what they â€™ re blaming others . trump crime family for prison trump crime family trump crime syndicate trump is a russian asset trump is compromised trump lies everytime he speaks vote him out",[trump]
it â€™ s funny how maga folks focus on what trump is saying . not one has said a word about tara reid to me in months,[trump]
ğŸ¦… â¤ï¸ ğŸ‡º ğŸ‡¸ ğŸ’™ ğŸ‡º ğŸ‡¸ â¤ï¸ ğŸ¦… trump,[trump]
question : did trump start the war on drugs ? did he sell guns to south america in exchange for cocaine only to turn around and sell it to gangs in the inter cities and then lock those blk pple up ? then why are you putting these pple back in ofc ?,[trump]
i can not wait til tuesday you will be gone !,[trump]
tell me about hunter biden again ?,[biden]
i â€™ m glad big tech stepped in to help biden . play dirty - get done dirty .,[biden]
i frankly told them that i felt no real christian can vote for trump . i â€™ m against abortion myself though â€œ full - term â€ abortion is false rhetoric and while i think abortions are wrong outside of health reasons it â€™ s not enough to get me to vote trump . call me a terrible christian ğŸ˜”,[trump]
"you are trying to lose , right ?",[trump]
trump is a criminal and the court will protect him at all costs .,[trump]
well by gosh donnie jr got a masters degree in spelling at trump university .,[trump]
"if you have any thoughts about not voting for president trump , please listen to this podcast . the future of our country depends on informed citizens . ben shapiro",[trump]
happ it birthday ! i bet you loved justice amy barrett being sworn in on your big day ! your welcome you evil thing ! trump bitch ! ! ! ! ! !,[trump]
"mis - read that at first and thought it said biden said that . which he is too decent to do , even though everyone knows it .",[biden]
what affect do you think the trump attack on hunter biden will have on the vote ?,"[trump, biden]"
love president gonna love president and also gonna love the crime family & administration being in prison for life,[trump]
hear new audio from kushner on trump ' s covid - response via,[trump]
top most ridiculous donald trump tweets via,[trump]
"you will learn as you grow up that politicians lie :) biden said up front that he would repeal the trump tax code . i did not vote for trump , but as a working mom ( making less than per year ) the trump codes saved me / year . so if biden reverses them , my taxes go back up .","[trump, biden]"
indeed ! i think it is criminal fir trump to speak like this ! could ama sue for libel or defamation ?,[trump]
jim crow joe | the racist history of joe biden [ uncensored ] via wow and this is who you crazy fools what running this country and you have the gall to call trump a racist ! !,"[biden, trump]"
i get your point but but but we should do anything we can to get trump in because the west will be fucked if he dose not beleive me mate that old b - - - - - d biden is on the anti - brexit side along with another old b - - - - d called soros,"[trump, biden]"
yeah and then you left thousands of them stranded at the rally for hours after you left with no way to get back to their vehicles,[trump]
andrew is right and that should scare the shit out of biden supporters .,[biden]
trump could never .,[trump]
"can the chinese and russians who bribed , extorted , and bought the biden family can they vote in the election and can joe biden place these votes in the states where he is running low as far as the electorial college ?",[biden]
that should win biden a lot of votes .,[biden]
"where is our vaccine , douche bag ? ? ? ? ? ? it â€™ s the end of october you lying mofo trump virus",[trump]
top fec official â€™ s undisclosed ties to trump raise concerns over agency neutrality,[trump]
except trump is not going to lose .,[trump]
trump,[trump]
"true , unless they move to biden .",[biden]
just more bullsh*t propaganda from the orange blob,[trump]
i think melania has left trump or he beat her up or she was sent on ahead to escape path ! anyone have an idea ?,[trump]
"you really aren â€™ t allowed to , but it â€™ s unlikely anyone knows what it means . in other words , no . but not like wearing a biden hat or something which would definitely be a crime .",[biden]
trump quit work to campaign four years ago .,[trump]
we get this bigot out of our white house we can run these racist slugs back under their rocks . this is totally disgusting what & his cronies have done to our nation . it was a fight against racism as it was but having him in the wh he has made it worse,[trump]
trump is fucking crazy !,[trump]
lines to vote in alabama are insane ! ! ! here â€™ s to more .,[trump]
"i voted republican once . many moons ago . ( see cor for an explanation ) but , way before trump & the cult , this mentality ğŸ‘‡ ğŸ¼ didn â€™ t square with me or my view of life . it is the gop mindset . trump didn â€™ t create it , he exploited it . no one who claims christian can justify it .",[trump]
jealously is a really ugly thing . as is trump .,[trump]
i â€™ m dreading either result to some extent because if trump wins . . . well let â€™ s not even consider that and if biden wins oof the cries of how the world is gonna end from my republican fam will deafen me ğŸ™„,"[biden, trump]"
it just sucks how these republicans and the trump campaign are tying up the sc on voting ğŸ—³ rights . they are working overtime to suppress the voting ğŸ—³ rights of every american .,[trump]
well shoe us the proof . . . . returns please .,[trump]
"hehe i made my husband fix us both a sandwich in celebration of the fact that it â€™ s no longer in america ğŸ‡º ğŸ‡¸ or around the world ğŸŒ , the only place it â€™ s is in donald trumps and the head .",[trump]
the majority of the country no doubt but the human rights maggots are backed by big money from g - - - - s - - - - types who make money out of misery - we can only hope trump wins or the west is f - - - - d,[trump]
i donn â€™ t think many doctors will be voting for trump .,[trump]
way to win votes for trump you idiots ?,[trump]
"oh hun it â€™ s just sad that this happened to you , or happens to anyone donald trump has made our nation the scorn of the world , is childish bs with calling this virus ğŸ¦  the china virus is beyond reprehensible , my two year old grand babies have more respect for others than trump .",[trump]
"trump took them back to pay for â€œ build that wall ! â€ . or , trump used them to pay his debt to russia . or , he sent them as an early christmas present to xi jinping or , melania needed a new frock . or , trump used them to pay for a pornstar . or , trump used them to pay his taxes .",[trump]
amen ! cotton is totally crazy screwed up . he needs to go ! but that â€™ s another time . he is all the things trump is .,[trump]
no doubt biden camp is the same camp the are in,[biden]
don â€™ t be fooled ! ! trump and trumpism are behind media like this .,[trump]
trump is going to lose .,[trump]
thats why trump must win,[trump]
i am now more convinced than ever that trump is going to win texas by - points . leading by three is not neck and neck .,[trump]
i can â€™ t believe they actually think this is news and anyone gives a rats ass,[trump]
i see you did not deny the facts abt trump . whataboutism can never erase how much of a disgrace this charlatan is . + lives lost and not a word to their family ' s regarding their loss . america deserves better . vote him out,[trump]
he gave up his lavish lifestyle and his golden years for this great country . the least i can do for him is stand in line for an hour .,[trump]
get on the bus with trump trump all the way baby trump give them hell mr . president,[trump]
"vote blue , vote blue",[trump]
where the fuck are you turning ? idiot ! vote them out,[trump]
a bunch of trump appointed judges !,[trump]
who will you be worshiping it sure won â€™ t be jesus christ if u support trump they don â€™ t believe in caring for the living only the unborn it pisses me off for you folks to claim to be christians is not a religion it â€™ s a cult you all need to reread the bible,[trump]
honestly fuck all the family that votes for trump youre not family anymore fuck yall .,[trump]
only reasonable prediction i â€™ ve seen . popular vote spread will be trump biden . do not ask me questions,"[trump, biden]"
good job showing the difference between a responsible leader an an egomaniac with a helicopter . how many elderly will get ill after getting trapped in the cold at your nebraska rally ?,[trump]
that â€™ s what we get for not electing a sensible woman ! trump has gotten away with everything since he has been in wh . there have to be consequences .,[trump]
"it â€™ s just sad that what was good christians sold their souls to satan , god put pastors at a higher calling to bring souls to him not drive them to evil the way you so called pastors are doing . no wonder people are turning away from the church & jesus because of what your selling",[trump]
ğŸš¨ alert . ğŸš¨ wearing any political gear is a violation of electioneering law . please leave the math hats and biden gear at home . ğŸš¨ this is also a safety issue in ğŸš¨,[biden]
"we will , when we vote you out",[trump]
just voted . . . . . another vote for trump and tubberville !,[trump]
wear it out . all you will have to show for it is bloody feet .,[trump]
trump has made a fortune off taxpayers ! that was his motivation to run . that & to have people bow to him !,[trump]
pure bullsh*t from the orange blob,[trump]
"context per daniel dale - trump was mad at supreme court because it wasn â€™ t enforcing an election day deadline for all absentee ballots . so it â€™ s still childish , but not quite so frightening as it originally looked .",[trump]
now i have to go make breakfast before biden cancels it like he did christmas and the communists make eggs go up to .,[biden]
he called him little pimp ! ! ! ! such fools ! biden harris 2020,[trump]
dems tell me every vote for a 3 rd party is a vote for trump . rep . tell me every vote for a 3 rd party is a vote for biden . which is it ? voting for the lesser of evils is why we are where we are . a 3 rd party vote is a vote for that 3 rd party candidate .,"[biden, trump]"
"actual photo of trump leading his gullible hordes to the promised land , to the bygone white utopia they crave . and then leaving them in a field in omaha to freeze . omahastranded",[trump]
really licking your chops for a biden win are not ya,[biden]
look at trump ' s shit - eating grin . he knows she ' s owned .,[trump]
trump is the one sweating like a hog .,[trump]
lol . bankrupt tabloid .,[trump]
a lot of people are focusing on the pics and videos but now we know that joe biden sold out cia assets in china who were then executed or imprisoned ? ! ğŸ¤¬ traitor,[biden]
let us round up the biden crime family !,[biden]
"very true . let trump come to rome and blather away . he â€™ s not picking up one vote he doesn â€™ t already have , which is better than spending his time nailing down undecideds in somewhat purple areas of the state .",[trump]
trump is . biden is way ahead .,"[biden, trump]"
i â€™ m with biden . . . . . .,[biden]
these are americans .,[trump]
pure bullsh*t,[trump]
"you got that right donnie , only thing wrong was at the end ! vote biden ! not trump ! there i fixed it for you ! watch those mistakes ! vote biden harris to save america biden harris 2020 landslide","[biden, trump]"
trump has been campaigning four years and biden is points ahead .,"[biden, trump]"
yeah both of us gave them ne - â€™ s ev then the other to trump .,[trump]
"united is how we win . i am voting for joe biden and kamala harris , so we can bring our country back together .",[biden]
go get that w,[trump]
trump had a stroke and not covid . i believe this more every minute . he had to have oxygen and pt . to get back on feet . lots of steroids and opioids help him walk . as a stroke survivor i see this .,[trump]
the polls in were actually pretty accurate . they were widely misinterpreted . everyone needs to vote and put an end to this hateful insanity that trump has stoked .,[trump]
"watch all the debates you want , but sometimes the concrete differences in policies are hard to cipher . here ' s one more look at the announced policy plans of joe biden and donald trump , broken down into six easily digestible categories .",[biden]
for the love of god and country after the election let the indictments fly ! promises made promises kept . still waiting on hrc and the swamp promise .,[trump]
not just no but hell no,[trump]
trump wins .,[trump]
time for the five and watch jesse make juan wish biden was really winning . . . the five,[biden]
biden can â€™ t do shit without someone there to help his sleepy ass ğŸ˜‚,[biden]
good news if you have covid trump has cured you,[trump]
your russian friends will not help you this time . donald we are voting you out,[trump]
â€œ it â€™ s time to end the trump era and leave him in the dustbin of history â€,[trump]
if you were a part of this garbage i hope you are prosecuted .,[trump]
actually very accurate ! trump has sucked up a ton of taxpayer money for his corrupt coffers !,[trump]
you are freaking nuts . many americans ' lives were saved by shutting down flights to and from china ?,[trump]
"trump ' s tax plan literally reduced my taxes by . biden said that day one he will remove the tax plan , so my taxes will go back up . i make less than .","[trump, biden]"
jim crow joe | the racist history of joe biden [ uncensored ] via why the hell is this not being talked about ? why is the black twitter community not talking about this ! you call yourself talking about black issues but some how y â€™ all missed this .,[biden]
these latest trump videos have pushed me way closer to despising even the voters . tell me why i shouldn â€™ t be disgusted .,[trump]
just more bullsh*t propaganda from the orange blob,[trump]
that ' s trump . it ' s been well established obama did not spy on any political opponents - - just you trotting out the same old tired lies . it ' s crazy trump trying to get barr to indict biden for . . . what ? no wonder he ' s avoiding that psycho .,"[biden, trump]"
so typical of how djt treats everyone . of course he will blame others and fire them for emphasis but he is ultimately responsible . trump go back to your great life you sacrificed ! please .,[trump]
gop sen . kelly loeffler : ' not familiar ' with trump ' s infamous ' access hollywood ' tape via,[trump]
biden will - that â€™ s when the real battle begins . join the fight :,[biden]
trump is gonna take it to the supreme court and win :(,[trump]
well no longer ! i prayed for my country to become aware ! now a great many are beginning to see . we will move forward . if we elect joe & kamala . if trump goes in it will destroy so much of our progress .,[trump]
trump was the kid who paid someone to do his homework .,[trump]
the numbers look great for biden .,[biden]
"the crimson white editorial board endorses joe biden for president of the united states . though the board does not have as long a history of endorsing candidates as other newspapers , the five members agree that now is no time to be silent .",[biden]
"farrakhan endorses trump , tells blacks shut up from attacking him via wow i don â€™ t follow him but i â€™ m surprised by what i heard .",[trump]
i â€™ m voting in person tuesday for joe biden !,[biden]
pure bullsh*t,[trump]
"that i believe is very true and that â€™ s is what â€™ s going on with all the mail in voting and all this illegal fraud that â€™ s going on , for once joe biden told the truth",[biden]
"joe biden stands with american workers , while trump only stands with the wealthy . we need to build back better and that ' s why im voting for joe biden .","[biden, trump]"
i do not know but part of me says that they do not exist and they are bating trump just to drive him crazy . there ' s nothing he hates worse than people to are not loyal and do not ride for him .,[trump]
"yes donald trump started right after being sworn in getting the court packed with bush lawyers , wonder why justice kennedy retired think about it they used his sons work at deutsch bank . reckon the justices son did something slightly illegal that got kennedy retired early",[trump]
too little too late,[trump]
"i know you â€™ d like to think the american people are fools that you can keep gaslit , but you â€™ re wrong . americans are smarter than that . this newspaper also endorsed our last criminal president , richard nixon",[trump]
democrats are soft . biden is talking about unity . hell he does not have guts .,[biden]
"hahahahaha . trump said the only good democrat is a dead democrat . if obama ever said that , there still would be daily headlines .",[trump]
there is a place for you and your likeminded trump morons in jail . just embrace the american law and order tradition .,[trump]
fck trump election 2020,[trump]
obama is the second most admired man in the world . trump is no . - - below his pal putin .,[trump]
"trump admin . leads international rebuke of abortion before u.n. , w.h.o. via",[trump]
he had hoarded a bunch of ballots ! someone will have to untangle . this is trump cheating !,[trump]
well the french people must see that liberty - equality has failed n must go with le pen just as the americans must go for trump,[trump]
"yes , trump threatens â€œ the rule of law â€ . he also threatens our lives . trump is a fraud trump crime family trump is a mass murderer trump is a liar trump is unfit for office trump is not america dictator trump dump trump 2020 dump the turd nov 3 rd vote biden harris to save america vote blue down ballot",[trump]
"random question for the . if an agent gets covid - while protecting , , or their families , and then that agent succumbs to the disease , does that mean that the agent died in the line of duty ? thursday thoughts",[trump]
no . they are mad because biden is points ahead .,[biden]
"as the us election draws closer i ğŸ™ the american people realize that a vote foe biden would plunge them further towards the globalist leftist agenda that the likes of soros and his type thrive on , so pls pls pls vote for trump and make the alliance with the uk even stronger","[biden, trump]"
just more bullsh*t lies from the orange blob,[trump]
"trump was right , i â€™ m tired of winning .",[trump]
so are police â€™ s stopping these trump car rallies yet ? ? ? because i have no doubt that they â€™ re going to block roads and try to stop people from voting .,[trump]
another alabama voter for biden . our state may not go blue but we â€™ ll make â€˜ em count our votes .,[biden]
voting day for me is complete . in and out quick . spent more time reading the ballot than waiting in line . trump2020 rtr,[trump]
trump doesn â€™ t care about us . he only cares for himself . trump does not care about you trump doesnt care trump lies everytime he speaks trump lied 230 k died vote him outand lock him up vote him out,[trump]
"time for a dart game using this dumbasses picture , with a big around his nose , as the target . trump â€™ s florida rally will be at an in - person early voting polling place â€” side - stepping electioneering laws â€“ raw story",[trump]
trump must had a farted and could not stand the smell of his own ass,[trump]
just more bullsh*t,[trump]
magaots are losing their minds over trump losing .,[trump]
"the winner of the auburn - lsu game has determined the presidency forever it seems . since the years au won ( , , ) the republican won . the democrat took it they years lsu ( , ) the last six elections have played out . auburn is up - with to go . trump !",[trump]
will not matter .,[trump]
heading towards a big win for biden if you turn away we will fail build new media ! join the fight : vote david kim yang gang poltik tiktok humanity first biden harris to save america believe in biden defend democracy count every vote elections 2020,[biden]
i could tell you stories about trump .,[trump]
yeah and we paid our taxies wanna see my tax returns,[trump]
"joe biden the biden family are a bunch of crooks get real let the truth be known let the truth be in you , again i say trump , joe biden that â€™ s a joke","[biden, trump]"
for the west i pray your right,[trump]
"the soros - obama - dnc plan was always to submerge america into a morass of globalism mediocrity . open our borders . curb america â€™ s patriotism , destroy american nationalism . put the united states onto the track of a future world government . biden - harris ? useful idiots . nothing more .",[biden]
you are the swamp of corruption,[trump]
pure bullsh*t from the orange blob,[trump]
biden has been leading all along and has never been behind . i am a rural alabama type and know that basic fact .,[biden]
trump will pardon him .,[trump]
just more bullsh*t lies,[trump]
you get their info and tell james woods . he is forwarding it to trump ' s lawyers .,[trump]
amen to that .,[trump]
he can not get it past congress so he writes an order he can not enforce .,[trump]
lol . bankrupt tabloid .,[trump]
"i agree ; the god of abraham , issac and jacob that serve certainly are not the god these folks bow down to . i guess they are praying to trump instead of for him . since he is their god",[trump]
