mr president . how about holding a press conference with the whistle blower ? they would have to cover it !,[trump]
did you know trump is using your music for his propaganda ?,[trump]
"local news refutes point by point each allegation made about omaha trump rally about people stranded in freezing weather , required to walk and numbers requiring medical attention . yet abc national news reports false story at . can â€™ t trust national media . tds is strong there",[trump]
were you paid like cent too ?,[trump]
how was he supposed to stop a virus ? early on he imposed a travel ban which your boy biden and the libs called xenophobic . biden wants to shutdown the country which will kill us . better think and vote trump .,"[biden, trump]"
so tired of debunking your false narratives can â€™ t wait to have my boring government back,[trump]
im sure they have an actual plan and listen to the experts possibly read the pandemic playbook left by the previous administration . i agree,[trump]
pretty much anyone who could read the pandemic playbook left by the previous administration . anyone who had the balls to actually use the defense protection act to make ppe for all americans instead of using it on meat plants . you know anyone with half a brain .,[trump]
does joe biden yell at his appearances because he is trying to reach his supporters who are out of sight ?,[biden]
"exactly , and our potus needs to remain potus so that this investigation goes to completion . i actually think the info will be damning to a whole bunch of people . will americans be ready for this , probably not . i hope they keep her alive âœ…",[trump]
so let â€™ s not forget trump in,[trump]
why care if the president is a crook or criminal lmao you are delusional,[trump]
there has been a little less weeping about masks at work this week but a lot of those trump supporters are trying to be cute by leaving their noses hanging out the top of the masks . . . i am probably going to catch covid at work from one of them . ğŸ™„,[trump]
"we will trump does not even pay his taxes or a penny to charity - so that is a given . over many decades trump ripped folks off . . . nothing new . however , add on the bit about this cult does not wear masks . . . lets just say do not . . . so covid spread on steroids . death cult herd mentality",[trump]
"it â€™ s probably nothing . . . and i plan to go further as i â€™ m noticing too many links to lincoln as well . buttttt , as the great and graphic joe biden once said â€œ come on , man ! â€",[biden]
"presence in africa can not be in response to china â€™ s strategy emphasize support to western pacific allies ( taiwan , japan , australia , korea ) redefine the issue , stretch china so they deal with our strategy . we should not invest our youth / treasure in china â€™ s surrogate conflicts",[trump]
trump speaks to the american people from the heart â¤ï¸ . you â€œ yell â€ at the american people from a teleprompter . you are the virus and will be exterminated at the polls .,[trump]
"i understand this i think ( i have a bit of a reading comp issue ) but also , this is long term groundwork . important and vital ! im more talking abt immediately stopping the train trump has started to stripping lgbtq ppl , women +",[trump]
projection ?,[trump]
remember : biden wants beto in charge of gun reform .,[biden]
republicans have been at war with public schools for years and everything they have been for private schools coincidence i think not,[trump]
"sadly , this admin is not ' just ' indifferent . trump / gop are all varying degrees of sociopaths . trump is a dark sadistic one - gets glee with every pain / death he causes . stephen miller is another ( children in cages / families separated ) . read ğŸ‘‡ completely !",[trump]
bs obama had used the dpa after days and did a tracking system on the virus you golfed,[trump]
sociopaths . . . every gd one .,[trump]
the bullies are the democrats . they seriously have trump derangement syndrome . they don â€™ t see how dangerous their party is to the country .,[trump]
"ur right . if trump loses , it â€™ s all on his personality and character issues . though i vote him as a rep , i don â€™ t like his persona much . i get that msm , dems are constant bias against reps and i like that he fights more than typical rep though . but he is draining . nobody likes jb",[trump]
it â€™ s a bot,[trump]
the most people since taff are registered and it â€™ s because you have failed at every opportunity and the gop has enabled you from the beginning . you don â€™ t represent the majority of americans not in the sc not in the power,[trump]
the fact that republicans can â€™ t see it is beyond me,[trump]
the password is star square circle,[trump]
"next to biden , i pray to god kentucky has the biggest upset and phucking moscow mitch goes down . . . after last night , i hope it lit a fire under kentuckians to vote for amy . . .",[biden]
super spreader event ! what a bunch of maroons ! !,[trump]
"awwww , that â€™ s cute ! y â€™ all keep trying really , really hard to insult the female . sounds like someone else i know . i absolutely love how â€™ s he â€™ s emboldened white â€œ men â€ and taken us right back to . did i say i was for biden ?","[biden, trump]"
as it should be,[trump]
she blocked me because i thought it was funny how trump treats his own supporters ? weak .,[trump]
no one is giving you anything for free . how did you not learn what communism is if you were born in cuba ? you are either a bot or woefully misinformed if you think neoliberal big business joe biden is communsit lmao .,[biden]
he sure as hell should be happy with trump on that front .,[trump]
"that â€™ s just a poll . what was trump polling in mo b4 he won state in ? bet it was not above + , yet he ended up on election day winning by far more . doesn â€™ t it just say that most polls in and prob now are way undercounting trump voters ? to me , it does",[trump]
how can you watch this and still vote for trump,[trump]
"harry would vote for biden , that means i vote for biden ( this is not true as i voted a long time ago because early voting is hawt )",[biden]
"ladies , you can only chose one . who would you rather sleep with ? joe biden or bernie sanders",[biden]
the next administration needs to immediately restaff the federal elections commission so that they can investigate where the over billion dollars trump raised disappeared to .,[trump]
i actually understand how some people can vote biden / harris because they believe orange man bad but how any sane person can support is beyond me . she â€™ s a danger that can never win or it â€™ s gonna be bad in ne 02 . has my vote and should have yours too .,[biden]
still waiting for biden to accidentally confirm michelle obama was a man . ğŸ˜‚,[biden]
dear jewish people please remember that this is a guy who is supported by neo nazis and other white supremacy groups that don â€™ t like you,[trump]
"he has experience cleaning up a mess left from a previous administration , he will need to do it again after trump ! biden harris 2020",[trump]
i think i have covid fatigue just talking about it i â€™ d love to move on to another subject but trump won â€™ t let us because he is constantly failing to respond to the pandemic,[trump]
off you go bot have fun in my jail,[trump]
nothing but scare tactics propaganda it â€™ s all he has remember hispanic voters he said mexico was sending only rapist and murderers then got caught with illegals working at mar - largo,[trump]
tell that to the 2 2 5 k dead .,[trump]
i think it ' s safe to say trump giftwrapped omaha for joe biden last night after abandoning his own crazed supporters to die of hypothermia . ğŸ’ ğŸ» â€ â™‚ï¸,"[trump, biden]"
dead millions sick we still don â€™ t have a national plan because we don â€™ t have any real leadership,[trump]
you had four years to make it better you could of passed the hero â€™ s act in may and you would of been a hero you failed in the most splendid way,[trump]
"correction . . . . he didn â€™ t pay for the buses . he stiffed the bus companies , which is why they didn â€™ t come back after the rally to take his supporters back to their cars .",[trump]
all right wing violence the kenosha shooter the california cinco de mayo shooter the media bomber the minnesota police station burning down the texas mall shooter the vegas church burning down the synagogue killer the mosque killer,[trump]
on brand for the trump cult . . . low iq is a top tell sign .,[trump]
"polls were so correct in , weren â€™ t they ? i don â€™ t buy these at all . if biden wins at all , they will still be close . i think trump wins most of the rust belt and upper midwest","[trump, biden]"
college line republicans love does not work on me im a pipefitter in my mid 3 0 s,[trump]
trump proves that you don â€™ t have to be poor to be white trash,[trump]
prepaid his taxes lmao no way you truly believe the shit he says . trump has been notorious since the 7 0 s for not paying what he owes .,[trump]
weird you give trump a pass for all the hate he spews though ğŸ¤” ğŸ¤”,[trump]
right wing violence the kenosha shooter the oakland shooter the vegas church burning down the minnesota police station burning down the texas mall shooter the california cinco de mayo shooter the attempt to kidnap a governor,[trump]
trump leaving his supporters out in the cold . this stuff writes itself .,[trump]
the only thing you have done is lick donald trump ' s boots .,[trump]
where is biden â€™ s daughter ? isn â€™ t there a girl ?,[biden]
biden and the democrats aren â€™ t pushing for this . the trump administration is ! ! vote red hawaii,[biden]
a trump supporter billboard,[trump]
"vote trump ! ! ! keep biden hidin â€™ in his own basement , not wh basement . he â€™ ll feel safer there . promise","[biden, trump]"
energy level - near zero . what is trump taking today ? ğŸ¤”,[trump]
"following the order of us president donald duck trump , they do not accept immigrants . look at the special treatment they gave this muslim girl ğŸ˜¡ ğŸ˜¡ ğŸ˜¡ ğŸ˜¡ ğŸ˜¡ ğŸ˜¡ ğŸ˜¡ god be pure with us if he is reelected , poor people in the middle east ğŸ˜­ ğŸ˜­ ğŸ˜­ ğŸ˜­ ğŸ˜­ ğŸ˜­ ğŸ˜­ then we are ğŸ˜­ ğŸ˜­ ğŸ˜­ ğŸ˜­ ğŸ˜­",[trump]
trump is pissed that someone has stolen his â€œ god of chaos â€ title,[trump]
"sadly , racists do not change their spots . i always thought before trump was elected that the % of sociopaths across the board was about - . . . not + % ğŸ˜³",[trump]
there â€™ s three systems for everyone the poor the middle class and the rich the middle class thinks they got enough money to be rich the rich got enough money to out last you in court and the poor and lower middle class goes down,[trump]
"i have a biden banner , signs , and flag ! and none of your cronies will take mine without a fight ! ! !",[biden]
"( / ) make sure to get out and vote today . it doesn â€™ t matter if you cast a vote for trump , or a vote for biden , as long as you vote that â€™ s what matters . don â€™ t let anyone make you feel bad or embarrassed about who you support and vote for today , our ability to have differences","[biden, trump]"
someone said they ' d be sending me more leftist material to read so hopefully it will help because im really distraught abt people not voting for biden ( but only bc i greatly fear trumps re - election ),"[trump, biden]"
and because joe biden is just a citizen right now his get out jail free card is that he â€™ s running for president ? joe holds zero office . if you run for president you can â€™ t be arrested ? ?,[biden]
joe biden is a more if â€™ s statesman than donald trump will ever be . he doesn â€™ t resort to name calling when backed into a corner . he will choose the environment over the almighty dollar .,"[trump, biden]"
we â€™ ve already entered in to an authoritarian state when government entities like ice and dhs as well as state and local police forces have been radicalized for trump .,[trump]
the synagogue shooter the mosque shooter the multiple people who drove cars into crowds the guy who went around busting windows at pep boys the other texas shooter the ohio shooter the real violence comes from the right wing,[trump]
here ' s my one minute stump speech for biden . all the reasons you will need to vote for biden in a single minute ! biden biden harris to save america biden harris vote him out vote vote early vote blue vote biden harris 2020 vote 2020 vote biden,[biden]
excellent ad .,[trump]
new reinfections . thanks trump . maga,[trump]
i work with a bunch of trump supporters and i feel my blood boil every time one of them says some dumb ass shit .,[trump]
"ğŸ¤® ğŸ’Š ğŸ¤’ ğŸ’‰ ğŸ˜· super spreader alert has been issued for : - fl - nc - oh - wi - me - nh x2 - pa x3 super spreader warning issued for : mi , wi , ne & nv .",[trump]
charter bus to the omaha trump rally ! !,[trump]
you know i thought i was following you already but after making me crack up now i â€™ m,[trump]
"i â€™ ll raise you one more , â€œ i â€™ m voting for biden because he seems like a nice guy â€ ğŸ˜¬",[biden]
"see , you at least need to sound educated in your attempts at insulting a woman .",[trump]
"president donald trump ' s son - in - law and senior adviser , jared kushner , boasted in mid - april about how the president had cut out the doctors and scientists advising him on the unfolding coronavirus pandemic .",[trump]
of the country wants to move to green energy because we know oil and coal are the past windmill solar and natural gas are the future,[trump]
oh how cute i found another bot,[trump]
nope wrong republicans are trying to pass the cares act which doesn â€™ t do enough please try to keep up,[trump]
"weird the deep red states like mississippi ( percent ) , louisiana ( percent ) , new mexico ( percent ) , arizona ( percent ) , and kentucky ( percent ) , rely on federal funds the most crazy huh .",[trump]
so pathetic . . . just shows how out of touch biden is,"[biden, trump]"
everything trump touches dies,[trump]
"literally . this . / = . they dont hide it . fuck , biden and the nwo .",[biden]
what do you not understand about reporting actual news instead of burying it like the good little liberal news outlets when it involves a democrat ! shocker you people can never understand all the corruption that runs the democrat party ! now it â€™ s known as the biden crime family .,[biden]
tax returns . enough said,[trump]
mr trump saw you ignore his text donate now - for the constitution,[trump]
trump and his minions working overtime to rig the vote .,[trump]
donald trump / pence,[trump]
gimme that biden hat,[biden]
the media bomber the ohio shooter the synagogue shooter the mosque shooter the many people driving cars into crowds the other texas shooter right wing violence is up and we know why this guy,[trump]
welcome to jail bot,[trump]
you are an inspiration to all of us . thank you for your positive attitude throughout this election . hopeful for a donald trump victory .,[trump]
trump is mental ill he talked about dating his daughter thought washington stormed airports talked about cleaning fluid injections and sticking lights in are body told california to rake it â€™ s forrest thought finland was part of russia thought,[trump]
why does it matter if the media isn â€™ t covering biden â€™ s corruption ? ? do they need to have the approval of msm to make arrests ? ? if you arrest biden the msm will be forced to cover it .,[biden]
i voted ! magaa ! ! ! ! ! ! ! ! ! ! ! ! ! !,[trump]
"it â€™ s crazy how divisive it â€™ s become . honestly , i don â€™ t get uber political on social media , but i â€™ m going to say this . . all the things trumps been accused of has actually been proven to be the obama / biden / clinton admin . just sayin","[biden, trump]"
biden only wants to raise taxes on people who make 4 0 0 k plus republicans have been cheating the working poor since the 7 0 s,[biden]
she claims racism is not a problem but made tons of money off a racial discrimination suit she ' s full of it,[trump]
joe biden will never be my president .,[biden]
i wonder if the trump boys will shave off the pander beards once they are out of the white house ?,[trump]
"here ' s what ' s happening today with trump and biden , plus facts and analysis of america ' s vote . both sides agree : it ' s an election with stakes higher than any other in modern american history .","[trump, biden]"
so much uncertainty during the lame duck period through . having to be on the edge of our seat daily til biden is sworn in . . and through the holiday period - all while covid is on steroids is going to be the darkest period most of us will ever live through . praying for all .,[biden]
"so , the missing flash drive containing damning docs about joe biden has been found . - carefully check the drive for very advanced bugs - carefully check each file to determine whether any were corrupted or changed . - contact each and every source and protect their security .",[biden]
"brian , trump / gop are all varying degrees of being sociopaths . doubters ? name one things any of them have done for a single human being since . . . i will wait . icymi , read this article from back in april completely !",[trump]
is there an alternative ? are we just supposed to have trump again who just placed yet another person in power who wants to take away more rights of marginalized people ? biden is t a savior but god knows we have no other choice right ?,"[biden, trump]"
i have a guy at work that is a head of a department trump supporter and college educated and i can â€™ t even argue with him anymore because he either talks over me interrupts me and talks in circles with fox news talking points any advice please people,[trump]
dear republicans how do you not see through the lies yet i just don â€™ t get it he â€™ s tried multiple times with his propaganda and been debunked every time,[trump]
further proof that joe biden is a republican,[biden]
democrats are not going to take your guns i â€™ ve heard this bs argument for years never happened never going to happen,[trump]
what am i not understanding ? why are they scared of a 7 7 yr old criminal ? does biden hold some kind of power over you ? you have the evidence . i feel like i â€™ m being played . arrest his ass ! !,[biden]
"not to mention , almost every state poll was within the margin of error . i think it was state outside the moe that went the to trump .",[trump]
and yet christians will tell you how a god like he is trump broke america,[trump]
"yeah you definitely could not vote for adulterer , liar , greedy sloth that is trump . who ' s paid for more abortions trump or biden ill give you two guesses","[trump, biden]"
"i have to give them points for honesty , they made it abundantly clear that they fully support trump ' s policies , they just do not support trump . this applies to the lincoln project too , they are all for burning roe to the ground and building a wall of it polls well .",[trump]
trump is . . . nancy and the dems are standing in the way,[trump]
"sickening , they act just like trump .",[trump]
according to forbes joe biden â€™ s plan will create million more jobs isn â€™ t that what americans want and republicans scream about,"[biden, trump]"
"with help of a supercomputer , joe biden will win the election tomorrow . don â€™ t think we had a chance with the globalists over confidently planning the great reset . with that , plan accordingly and be ready to lose this country .",[biden]
ğŸ”¥ ğŸš¨ ğŸ”¥ ğŸš¨ ğŸ”¥ ğŸ‘‡ kavanaugh ' signaling ' he is open to helping trump steal the election . . .,[trump]
it all makes sense now . their intentions are not to actually arrest biden . they are only asking the msm to report on it for votes . msm knows this . they aren â€™ t playing that game . there will be no arrests .,[biden]
the dude has been all over the place turn off fox news and wake up grandpa !,[trump]
idiots out wondering around,[trump]
exactly . i want to know exactly what people that have been at trumps rally â€™ s have died .,[trump]
"alter votes , riots in cities in final days to suppress conservative voters and dirt on biden coming out was imminent .",[biden]
"trump supporters really could not care less about his bs . many love him because he gives them permission to be their worst - racism , hatred , etc . others follow the religious far right wing cult . another group are those top % rich who see just $ . and the rest are in all groups .",[trump]
"trump is thinking about all the destruction he will be doing on his way out through . he did not erect the new wall at the wh for nothing . . . same goes for barrett forced through before election day . for the love of god , i pray for healthcare & ss . . .",[trump]
it ' s true . nebraska district is likely to give one electoral vote to biden . there ' s also a hotly contested congressional contest . has a good chance to unseat a trump minion .,"[biden, trump]"
higher education was not affordable for me or my family so i have to go to the trades . had college been affordable like it was when you were able to go i would have . might want to look into that,[trump]
"if it hits any of them and it ' s serious , they need to hang on until inauguration morning , coz we do not need trump and mitch installing matt cawthorn onto the court .",[trump]
really because joes winning bot we are showing up in massive numbers not seen since taff,[trump]
do we honestly believe joe could ever win ? ? we â€™ ve all seen the rallies and all of the crowds . there is no freakin way biden wins !,[biden]
"way more divided . for clinton , for trump , for johnson , for romney",[trump]
cheater cheater pumpkin eating,[trump]
flunk ben sasse and deb fischer i â€™ m pleading for a democrat to run here we use to be a purple state and if we don â€™ t get a democrat to run here how are we supposed to win just tell nebraska how inconsistent republicans have been,[trump]
trump rally attendees stranded after listening to the president in omaha,[trump]
lol you too . . . biden harris will have you taking it up the ass . . . enjoy that,[biden]
i don â€™ t listen to the polls or media i win vote like he â€™ s points behind,[trump]
"following a * trump rally , where the president bused his supporters to the rally but left them stranded in the cold with no ride back . several are now in the hospital as a result . crazy .",[trump]
buy bot welcome to jail,[trump]
trump plans to declare premature victory if he appears ahead on election night - axios ( the election has never been a one - day event . an election is counting all the ballots until they â€™ re all counted ),[trump]
ya i hear you bro you got to be put into the farmers market,[trump]
ourselves and each other and as trump also said â€œ there is a right way to do these things . â€ we each hold the key . this cycle of â€œ game â€ has repeated over and over and over and we never learn while trying to have our cake and eat it too blindly following the wrong man .,[trump]
i â€™ m afraid it â€™ s going to get worse . the next two months are going to get down right ugly . i worry that even if biden wins trump will refuse to leave the white house .,"[biden, trump]"
dear ladies and lgbq this court is coming after you don â€™ t think for a minute that they won â€™ t strike down aca and roe vs wade and gay rights this court hasn â€™ t been this conservative since 1 9 3 0 s and doesn â€™ t reflect america,[trump]
but trump ' s murderous trail continues with more rallies .,[trump]
"polls begin closing soon and vote counts are under way . find out the latest , and while you are waiting for results , try our game to predict who wins , trump or biden .","[trump, biden]"
the supreme courts no courts no longer reflects the people the courts haven â€™ t been this conservative since is that a reflection of a america i don â€™ t think so,[trump]
"the sister told police that her brother â€œ is completely brainwashed with trump stuff â€ and mentally unstable , according to a police report .",[trump]
"my hope is that biden and harris will make education matters one of their top priorities during the first . our children , youth and college students are not being educated properly .",[biden]
"but also , do we really need to bring up all the sexual assault cases your main man has paid off ? and he is currently supposed to be beating his weenie to submit a sample for another rape case . y â€™ all are so bold to judge any other man on this planet . yours is far from a saint .",[trump]
"no he didn â€™ t . he didn â€™ t pay the bus company as promised , so they didn â€™ t come back after the rally . omaha police for buses to pick up the stranded â€œ fans â€ on the tax payers dime .",[trump]
lmao oh please tell who â€™ s the president of thigh land ğŸ˜‚ ğŸ¤£ ğŸ’© ğŸ¤£ ğŸ˜‚ ğŸ¤£ ğŸ¤ª,[trump]
"checking the facts on what president trump said about nebraska ' s economy , agriculture and ethanol during his rally last night .",[trump]
has trouble drinking water one handed and walking down ramps can â€™ t go on for more than a paragraph with out rambling can â€™ t spell coffee or hamburger can â€™ t pronounce many words i can â€™ t even go into but ya let â€™ s talk about joe biden mental health,"[trump, biden]"
right wing groups around the united states are organizing recruiting becoming bigger we need a president the actually take care of this problem,[trump]
trump campaign officials said they had enough buses to shuttle people back to their cars but said a larger - than - expected crowd slowed the buses â€™ return . several people who were waiting reportedly required medical attention .,[trump]
"trump ' s welfare babies , no job , and all the free time to drive around the nation and be a derp .",[trump]
"biden can â€™ t campaign , but obama can . who â€™ s running the show over there ?",[biden]
if there really is such a thing as karma this man and his family would be in prison let â€™ s make karma happen,[trump]
"the trump economy is an entire nation struggling to make ends meet in a pandemic he did nothing about , meanwhile the s & p is actually up on the year for all his rich friends",[trump]
"also , even when i haven â€™ t liked a president , i have and will always respect the office , our flag and our country . that â€™ s what it means to be an american . if biden is elected , then i will respect he is president , same for trump .","[trump, biden]"
to avoid conflict at the polls and to follow cdc social distancing guidelines please follow these rules . trump voters have from now till to get your ballot in . biden voters get your ballots in anytime after . safety first,"[biden, trump]"
"your daily election update : five days out , florida the focus for trump , biden ; wisconsin gop says hackers stole ; and a flurry of supreme court decisions .","[trump, biden]"
this man dropped an album yesterday and endorsed trump today . none of you better have that shit on your phone . he â€™ s actively turning his back on the very people that gave him that net worth . i â€™ m sick .,[trump]
gramma called this morning . she said after watching the late local news grandpa got a little frisky . she said grandpa was as hard as understanding joe biden â€™ s vocabulary . whatever that means ğŸ¤·,[biden]
clapbacks by biden,[biden]
"officials say a jewish cemetery in grand rapids , mich . , was vandalized with political statements appearing to support president donald trump .",[trump]
"i want to be clear now that no matter who wins , trump and his supporters are fucking dumb as shit",[trump]
they donated to trump i find it funny and a good warning to other companies,[trump]
i started getting trump texts from signing up for a rally because i â€™ m a tiktoker now and they are dumb stupid it is scary,[trump]
this is for you ğŸ‘‡,[trump]
or drink water one handed goes of on rants anytime he goes beyond a paragraph,[trump]
ny won â€™ t go republican are you kidding after what you and rudy did i don â€™ t see them going republican for at least years,[trump]
biden is a corrupt loser,[biden]
"using wisconsin logic : well trump won the last election , so why is anyone running against him ? hint : cheese and beer are not super foods or brain boosters",[trump]
remember this as trump talks about his sources .,[trump]
not for long ohio picks winners and has done so for along time but if they pick you they pick the losers,[trump]
joes job plan will create million more jobs according to forbes isn â€™ t that exactly what america needs right now,[trump]
of course we sit around and wait for him to tweet these messages aren â€™ t going to debunk them selves,[trump]
a vote for biden is a vote for trump . a vote for trump is a vote for biden .,"[biden, trump]"
oh please trump slurs like a novocain victim talked about dating dating his daughter thought washington stormed airports talked about cleaning fluid injections and sticking lights in are body and you want to talk about joe mental health,[trump]
you â€™ ll be seeing a lot of these signs ones we have a national plan,[trump]
it â€™ s a circle so you are always rounding the corner into the infant loop just like trump ğŸ˜‚ ğŸ¤£ ğŸ˜‚ ğŸ¤£ ğŸ˜… ğŸ˜‚,[trump]
no ceremonial traditions shall delay the swearing in of a partisan judge whose immediate job is to take away the pre - existing conditions clause and make sure trump has a second and possibly third or fourth term .,[trump]
biden says he â€™ d be a president for all americans ! ! then he calls us chumps . ğŸ¤”,[biden]
get my bot cage and my lasso it â€™ s time to rangle up bots,[trump]
i â€™ m the working poor and i payed more taxes then the president,[trump]
"\ no response on you already losing your tax \ "" \ "" cut \ "" \ "" ? \ "" """,[trump]
yet you vote far - right and with trump of the time,[trump]
"guess what , i â€™ ve kept my hc provider for the entire life of the aca so give that shit up . biden supports fracking . and i â€™ m pretty sure i â€™ ll be keeping more when the mega rich pay their share .",[biden]
and left them there to freeze . no busses to return to the parking lots . omaha police had to come in and take care of your supporters,[trump]
oh great . . . vote trump,[trump]
think of how screwed up you have to be to understand joe biden . ğŸ˜¬,[biden]
trump has been the most accessible president in my lifetime . there â€™ s no arguing that . of the press trump gets is negative . it â€™ s a wonder biden isn â€™ t up points in the polls . btw did the ever announce who won the iowa caucus ?,"[trump, biden]"
"you failed when you played politics over humor . there â€™ s so much funny stuff with biden , the gaffes , the old man shouting , the stupid car rallies with people and kamala cackling like an idiot . you missed the mark and got woke ğŸ‘",[biden]
i â€™ m donating to the trump campaign in your name,[trump]
"just made some calls for biden . grueling , but felt good to be a part of the solution .",[biden]
he keeps his promises,[trump]
trump ' s rage upon losing will be immeasurable . . . we will all pay with his wrath . doubters ? consider : - he did not erect the newest non - scalable fencing around the wh for nothing - barrett being pushed through before election,[trump]
"how to transform trumpism after trump : on post - truth , post - democracy , and post - humanity .",[trump]
"it ' s ridiculous to think things would be this bad without people such as trump encouraging his supporters to spread the virus . ğŸ¤· ğŸ» â€ â™‚ï¸ dude is literally gathering thousands of people together just to stroke his ego , mocking masking , and claiming yet again thar covid is almost gone .",[trump]
"a colorado ballot initiative would reintroduce wolves on the state â€™ s western slope . it comes after the trump administration on thursday lifted protections for wolves across most of the u.s. , putting their future in the hands of state wildlife agencies .",[trump]
when you don â€™ t like someone already and then you find out they are a trump supporter . . . it â€™ s like . . . i knew all along . . . you really suck,[trump]
i â€™ m definitely flipping g over when trump is confirmed the winner,[trump]
trump supporters all have one thing in common and it â€™ s that they are ugly,[trump]
why are not the police there shooting people ? and why do not these losers have jobs ?,[trump]
you have paid taxes sure but not nearly enough to leave your kids what you guys had,[trump]
"good morning america , election day , the day we say good bye to trump ! ! !",[trump]
she is grossly mistaken . she would look cute in stripes .,[trump]
ğŸ˜‚ ğŸ˜‚ ğŸ˜‚ . spoken like a true trumper ! hit em with facts and they unravel !,[trump]
"biden supporters are required to have mental issues , it â€™ s the only explanation . the very notion of supporting president trump enrages them .",[biden]
oh please democrats are the only ones working for better medicare you are the one trying to strip away the aca with a book full of executive orders that don â€™ t amount to squat,[trump]
"you have no idea my color . i am in fact black actually . i also proudly support trump because he sticks by his word , he supports the black community and doesn â€™ t say racist things like â€œ if you don â€™ t vote for me you ain â€™ t black â€ like racist biden .","[trump, biden]"
come on florida get out their and vote these idiots out you have some of the worst representative in the country please vote blue to save america,[trump]
â€œ how to blackmail biden â€,[biden]
there are no biden supporters . they are just unamerican anti - trumpers . no one is showing up for gloom and doom biden or heels up harris .,[biden]
moscow mitch held up the supreme court for eight months and said let the people decide now or nine days before the election in your room and this one home i called that court packing,[trump]
so . . . . is our president encouraging us to vote twice ? it is against the law i would think,[trump]
it turns out all of biden ' s worst scandals were actually trump ' s . politics vote vote early vote them out vote blue to save america vote biden harris blue wave 2020 democrats,"[trump, biden]"
"not even close , your boy trump is going down and hard ! ! !",[trump]
"in a nutshell , the author has concluded that trump is vastly more sinful than his political opponants . the author , i think , is grossly mistaken . none of them are saints . especially not biden or harris .","[trump, biden]"
sweeping deaths under trump â€™ s rug,[trump]
"you forgot his only reason for running . to beat trump . anyone could beat trump as he is very unlike able due to himself . heck , i â€™ m a lifelong rep who votes trump , but i certainly wish there were other alternatives . i like his policies - just don â€™ t like him . but biden is far worse","[biden, trump]"
you know what you never made america great all you did was divide america and now we need unity that â€™ s one of the many reasons i will be voting for joe biden,"[trump, biden]"
show the pictures of people trying to leave,[trump]
courts around the country that are conservative are trying to suppress the vote please hand deliver them if you â€™ re in one of those states,[trump]
not sure where you get that idea from . you are more than welcome to come try and do my job it ' ll be a little more strenuous than watching baseball though .,[trump]
i feel like that ' s cruel to the bot . i named mine ned and randy . one of them requests a mail - in ballot every fifteen minutes and the other writes in trump for every race and signs it using a sharpie . but i will not be surprised if the corrupt democrats throw them all out,[trump]
same propaganda different day this is a lie sheer propaganda ids all this man has,[trump]
theirs two sets of rules in court one for the rich and one for the poor,[trump]
that â€™ s because they haven â€™ t broken down the cares act it â€™ s horrible first it doesn â€™ t do enough for the unemployed people second republicans slipped in something to pay millionaires and more money,[trump]
"sorry you are so tired , you should rest .",[trump]
when will trump say that he won don â€™ t worry i â€™ m not going to take this to seriously just i â€™ m saying pm eastern is my call retweet please,[trump]
let â€™ s see . . . . trump has kept the economy fairly staple during a pandemic . . . had added millions of jobs ( particularly for african americans ) while gloom and doom joe wants shutdowns and higher taxes . . . . yeah voting for biden seems like an amazing idea sis ğŸ‘,"[biden, trump]"
how do y â€™ all remember how to even spell that word biden said ? tunaratoodatrumpazene ?,[biden]
"\ i am old enough to remember trump dubbing him \ "" \ "" sloppy steve \ "" \ "" - so how did sloppy steve get back into his good graces ? \ "" """,[trump]
trumps tax cuts already expire stupid they were never permanent like the corporate rates . he does love the poorly educated . you got played and ate it up . sad .,[trump]
remember when they said hillary clinton had a trail of body â€™ s it was all propaganda but this isn â€™ t trump had blood on his hands,[trump]
why do you find a need to continue to deceive for your political gain ! ! it is getting old ! !,[trump]
last i checked we aren â€™ t dying from h1n1 you doofus,[trump]
obviously . . . do not let this statement by trump fool you . he did not have the reinforced fencing erected at the wh for nothing .,[trump]
you did not fix it either twit .,[trump]
i guess going full maga on this platform does not reward you with followers . ğŸ™ƒ,[trump]
captain covid hes ' not a hero can not get those cases down to zero they are gonna help him lose the fight because his supporters can not tell wrong from right . trump is a national disgrace trump is a loser trump captain co vid captain planet,[trump]
"we always bend over backwards and appoint republicans to various jobs . republicans almost never return the favor when they are running things . i honestly think trump is the only recent republican president who has had democrats in charge of stuff , not that i want to claim them .",[trump]
already have to pay more in taxes due to people like the president abuses tax loopholes . time to pay your fair share like the rest of us,[trump]
can â€™ t remember who â€™ s running afghanistan though finland was part of russia thought paris was the capital of germany has a short attention span calls himself a stable genius can â€™ t pronounce so many words i can â€™ t list them all you are unfit for office,[trump]
like i would trust a friend of steve scully . . . liberals are loud bullies following a sad campaign and clapping down on anyone wisely supporting trump . rt that time your friend steve scully . ğŸ‘,[trump]
trump !,[trump]
"i am gonna say something and some will get angry . what if the reason trump wins pennsylvania , ohio , indiana , and wisconsin tonight . . . . . is the amish . imagine that .",[trump]
your daily election roundup : biden went from caucus loser to november contender in iowa ; trump hits midwest in final stretch ; perdue backs out of debate . get the latest .,"[trump, biden]"
the people who support trump the kkk the taliban the boogaloos the proud bois the wolverine watchers not all republicans are racist but all racist are trump supporters,[trump]
trump did not erect the non - scalable fence at the wh and install barrett for nothing .,[trump]
nothing more symbolic than trump supports in omaha being left stranded in the freezing cold for three hours .,[trump]
"i am sure we are only just now beginning to see simultaneous influenza and covid positive patients , as influenza does not circulate widely in this country until the fall and winter . also , you can get a flu shot . . . i did .",[trump]
"lie after lie , after lie , after lie .",[trump]
it â€™ s not if trump wins it â€™ s when he wins .,[trump]
can â€™ t work a umbrella has a hard time walking down ramps and drinking water one handed calls people by the wrong name can â€™ t remember his sons name thinks he met the president of puerto rico it â€™ s a us territory,[trump]
i voted to keep america great and this time i did not plug my nose when i marked trump . the man delivers,[trump]
former vice president joe biden said president donald trump is â€œ failing â€ nebraskans and has â€œ waved the white flag â€ on the pandemic .,"[trump, biden]"
can â€™ t apply makeup wears makeup because he â€™ s got a narcissistic personality disorder can â€™ t remember who is running afghanistan thought he could buy greenland thought paris was the capital of germany can â€™ t work a umbrella can â€™ t walk down ramps,[trump]
"even obama can â€™ t attract a chick - fil - a drive thru to these sad car rallies . biden / harris is a crazy radical ticket . they want to kill the economy , jobs and shutdown the country . biden has mentally lost it . corruption runs amuck too . no thanks .",[biden]
are you fricking joking obama did so much to fight this problem all you did was ride his coat tails on what he passed,[trump]
"\ \ "" \ "" the biden harris campaign announced monday that biden will arrive in iowa on friday . \ "" \ "" \ "" """,[biden]
october in nebraska . . . . psssh . . . not even cold yet,[trump]
trump & the coronavirus : last week tonight with john oliver ( hbo ) via,[trump]
isn â€™ t that every day ?,[trump]
you â€™ re so pretty .,[trump]
i head he called his granddaughter ( aka hunter ' s you know what ) beau biden .,[biden]
"the trump flag kid probably has issues , but the one with the crazy bible styled shit written all over his windows gave me a mass shooter vibe , and i do not even know what they look like or who they are . ğŸ˜…",[trump]
joe wants people who make over 4 0 0 k a year to pay more of americans want green energy because that â€™ s the future not oil and coal because we want to leave a better earth than we got,[trump]
that ' s exactly what i did . i am not going give trump ' s postmaster general the opportunity to lose my vote .,[trump]
"trump you are weak , corrupt , despicable and more . . . last updated : , gmt ï¿¼ united states coronavirus cases : , deaths : recovered : ,",[trump]
"politics from the pulpit , he hit biden hard âœ… good for him ğŸ‘",[biden]
"as someone from omaha i â€™ m so embarrassed . however , i think it says a lot that trump had to come here . omaha is nebraska â€™ s 2 nd district & can give an electoral vote . trump is down points here . despite a metro area that is somewhat liberal it â€™ s still . . .",[trump]
pence & trump do not care about anyone but themselves . clear narcissistic behavior from the entire regime . trump virus trump failed america,[trump]
democrats don â€™ t use ivanka â€™ s voting machines,[trump]
"cases are already skyrocketing here , i really wish they were not going to hold a rally . at least it ' s on the other side of the state , but the people who live in omaha matter just as much as i do , and i feel bad for the biden voters in omaha .",[biden]
million seems pretty rich to me but maybe i am wrong ?,[trump]
please go ahead spend as much as you want in main,[trump]
and followers bot you have no clue what its like welcome to twitter jail,[trump]
"no one is really voting for biden , because if he wins he would not serve long . i read the account of how badly biden struggled with loss and confusion during a joint appearance with obama . obama graciously helped him . unless you like kamala and socialism , reconsider trump ?","[trump, biden]"
"public relations firms hired by dhhs vetted political views of hundreds of celebrities for a planned million ad blitz aimed at portraying president trump ' s response to the coronavirus outbreak in a positive light , documents released thursday say .",[trump]
"trying to pull back the veil on health care costs to encourage competition , the trump administration on thursday finalized a requirement for insurers to tell consumers up front the actual prices for common tests and procedures .",[trump]
biden is a piece of shit . period . joe biden,[biden]
this coming from the guy who cozy â€™ s up to people like putin and kim,[trump]
trump really is a madman .,[trump]
they do donald they â€™ re called volunteers,[trump]
nebraska gives its vote to who wins the electoral vote so good luck i know it â€™ s my home ya you might have fans here but you better go to the hicks in the sticks because the city is about / democrats and we really need to redraw the electoral votes,[trump]
these people wouldn â€™ t be so empowered with out the enabler in chief,[trump]
it â€™ s more like and that â€™ s with out premedical condition but let â€™ s say you are right we got million people so that â€™ s still million people the way you and your sycophants followers that won â€™ t wear masks if we can â€™ t find a vaccine,[trump]
follow for updates on tonight ' s trump rally in omaha .,[trump]
we add at least judges because this court is to conservative so it â€™ s even this court hasn â€™ t been this conservative since and the majority of americans are not being resented,[trump]
"forgot about the trump rally , that is why chairman groene ran the most efficient education committee hearing in the legislature â€™ s history . ğŸ˜‚",[trump]
i still can â€™ t get over the fact that there are millions of idiots out there that are still voting for biden .,[biden]
obama is the reason trump won to begin with . obama ruined our country and was as devisive as they come . so glad his legacy is worthless,[trump]
i heard michigan is turning blue because you abandoned the farmers and killed the auto industry with your tariffs,[trump]
it ' s not the 1 st time . . . i think it was last month trump was pushing his cult to vote more than once for him .,[trump]
dude aren â€™ t you from michigan ? the dems have made it hell for your people and joe will crush the auto industry . . . trump will still win though,[trump]
"you obviously don â€™ t have eyes , ears or a brain . communism and socialism would be a biden regime . he wants shutdowns , mask mandates , banning fracking and refineries , packing the court . trump wants the country to open up and they are working on a vaccine . trump is the only choice","[biden, trump]"
"trump is a dark , sadistic sociopath . . . i wish everyone read this article completely !",[trump]
and y â€™ all say bron fans are bad . do y â€™ all not see these trump supporters . . . they â€™ re the worst,[trump]
"literally just started arguing w the guy in line behind me bc he was wearing a biden shirt , no one was even talking lmao . . . like ur that bored i â€™ m confused",[biden]
enjoy jail bot,[trump]
get out and vote biden - harris folks ! ğŸ‡º ğŸ‡¸ biden 2020,[biden]
it â€™ s amazing how stupid you people are we are not going to defund police we just want kick out the white supremacy ones but some how you think that â€™ s a bad thing,[trump]
we are in for a lot of hurt through . trump did not have the newest fence around the wh for nothing . i just hope all of what trump has planned biden can be fix . i am paranoid about healthcare & ss .,"[biden, trump]"
get my bot cage and my lasso it â€™ s time to rangle up bots enjoy jail bot,[trump]
dear arizona you deserve better leadership than you have had in the past so vote blue to make it come true,[trump]
biden he believes in science and climate change and blm and lgbtq rights,[biden]
"trump did not erect the additional fencing around the wh for nothing . i am sure he has a lot of evil / destruction planned before he finally goes that ' s what dark , sadistic sociopaths do . i just pray whatever trump undoes / destroys , it can be fixed . i am paranoid about ss & healthcare",[trump]
still trying to ride on your dads coat tails talk about sad,[trump]
"if it ' d been bush with 2 3 0 k dead on election eve , he woulda been at like approval . truly amazing , how trump ' s cult worships him , no matter what .",[trump]
"you are the swamp that needs to be drained and god willing america will answer the call and y vote you out , you have destroyed this country , we deserve better the choice is clear vote ğŸ”µ ğŸ”µ ğŸ”µ ğŸ”µ biden harris 2020 ğŸ‡º ğŸ‡¸ âœŠ",[trump]
it â€™ s bleak if biden wins too . if we are being honest .,[biden]
"you already have , twit .",[trump]
to show support for . why else ?,[trump]
im not delusional your generation has gutted social security it will not be around for us . same way secondary education was gutted . i am not relying on the government like the generations before us because you guys take take take never give,[trump]
i â€™ m surprised he remembered he was running against trump and not george ! ! !,[trump]
i was not a bush fan but i never thought he was trying to wreck america or get me killed . . . like i feel with trump .,[trump]
trumps tax breaks already expire by themselves but you know you got played and it does not fit your narrative,[trump]
yup . . . vote trump,[trump]
you â€™ re going to prison you â€™ re hole criminal family will be joining you,[trump]
"so joe biden , preston love , , and ? got it . thanks , ne gop !",[biden]
madame tussauds in berlin dumps trump before u.s. election,[trump]
matt is trumps personal ball washer and i don â€™ t mean golf ğŸ˜‚ ğŸ¤£ ğŸ˜‚ ğŸ˜… ğŸ˜‚ ğŸ¤ª,[trump]
beijing biden and ukrainian joe,[biden]
"â€œ family biden , that â€™ s who the chinese wanted access to â€",[biden]
"if trump like - wins , i am crying real tears and moving in with the titanic",[trump]
days and you â€™ re done someone in the white house staff better start counting the silverware,[trump]
right wing violence the kenosha shooter the oakland shooter the vegas church burning down the minnesota police station burning down the attempt of kidnapping a governor the texas mall shooter the california shooter the wisconsin shooter,[trump]
i dropped trump from tweet and have had nothing but positive remarks and confidence fromm all that i have read ! no more negativity ! ! !,[trump]
your daily election update : biden says trump turned ' crisis into a tragedy ' ; trump takes economic message to michigan ; and more .,"[biden, trump]"
"i â€™ ve never been more excited about voting than i am today ! as my year old says , trump trump trump",[trump]
"are biden voters learning the chinese national anthem ? or , are they too stupid to learn chinese ?",[biden]
hey are you capable of firing so we can save the big ten from this horrid â€œ leader â€,[trump]
"yup ! and these are maga ' s kids , so they are the absolute worst . i have seen one pickup truck with a trump flag in the student parking lot at the high school , and another with insane trump shit written on the back window like bible verses , also student parking lot .",[trump]
more yapping to discourage trump voters using their feet to vote âœ…,[trump]
"biden claimed of the lincoln student vote , winning every school except wysong and kloefkorn elementaries and lincoln christian , raymond central and malcolm high schools ( they went for trump ) . what do you think is biggest influence in students ' vote ?","[trump, biden]"
"i don â€™ t see why polling in wud b much different than , which were way off . i seriously think trump support is vastly undercounted again . why don â€™ t you idiots just forget the polls ?",[trump]
don â€™ t you mean trump ?,[trump]
trump has america that â€™ s way better,[trump]
trump really did get his @ #$ % wall .,[trump]
what have you done about it in your four years ?,[trump]
the few people that vote biden might buy a few,[biden]
no his piss poor response and planning for it did .,[trump]
not a chance we have your never trumpers a small group of republicans and independents won â€™ t be as easy to fool joes going to win both the electoral college and popular vote huge landslide coming,[trump]
"trump had others take his sats for him , and threatened to sue if his school transcripts were released , but biden is the idiot got it . lmao","[trump, biden]"
someone needs to do some research you ' d see the economy actually consistently does better under democrats . not too late to change your vote tomorrow if you actually did care about the economy .,[trump]
are you even serious ! ! ! total bs ! ! ! the last four years have been hell for most of us ! ! â€™,[trump]
steal it from trump ?,[trump]
"and if you have not yet . . . prepare . if voting in person , & you live in a voting suppressed area , bring a chair , mask , hand sanitizer , water , snacks / meal , umbrella , a book . whatever for the day / evening / weather . not having patience through the insanity of long lines = trump winning",[trump]
more people are registered to vote since taff because of this clown,[trump]
"soon as joe biden wins , their advertising machine will turn its guns on us .",[biden]
it â€™ s funny . after trump rallies there . wait for it . biden will be leading in nebraska next ğŸ˜‚ ğŸ˜‚ ğŸ˜‚,[biden]
don â€™ t bother he â€™ s a bot look at how long he â€™ s been here with followers ğŸ˜‚ ğŸ¤£ ğŸ˜‚ ğŸ¤ª,[trump]
"my grandma ( ) tends to call you every name but yours . ğŸ˜‚ she has done it for decades . as for weird sh*t biden has said , this is tame .",[biden]
trump = fascism hitler fake press trump fake news hitler used one news paper to spread his propaganda trump has fox news hitler used the church to come to power trump did the same hitler loved propaganda trump same,[trump]
you don â€™ t live here . obama â€™ s years were the worst . his followers give him a pass because he â€™ s half black and doesn â€™ t call politicians out on their corruption like trump .,[trump]
good lord . . . he â€™ s not threatening biden â€™ s life . . . . stay on your mental health meds . . . . you â€™ re going to need them,[biden]
trump slurs like a novocain victim talked about dating his daughter thought washington stormed airports talked about cleaning fluid injections and sticking lights in are body told california to rake it â€™ s forrest,[trump]
"day out , the fight over pennsylvania heats up , while biden makes play for ohio . get the latest headlines , photos and more from election ' s final sprint .",[biden]
"bianca should have done her research . obama & biden built ' cages ' & separated children from ' parents ' at border . . trying to save the children . he ' s done more blacks & latinos than any . , jobs , help w / college , help w / small businesses , releasing prisoners .",[biden]
"prepare . . . if voting in person , and you live in a voting suppressed area , bring a chair , mask , hand sanitizer , water , snacks / meal , umbrella , a book . . . whatever for the day / evening / weather . not having patience through the insanity of long lines = trump winning .",[trump]
"i wonder if biden is elected potus and another - 2 0 0 k more ppl die with covid , if he will accept all blame , resign and call himself reckless for causing them , as he says trump is .","[trump, biden]"
"i do not feel bad for any of them . they knew it was cold , there ' s a pandemic , and that trump is selfish af .",[trump]
because it â€™ s not real ?,[trump]
f*ck joe biden .,[biden]
if this was your child you would smack him,[trump]
ok bot,[trump]
"eventually we will learn we are our own saviors . my favorite q & trump commentary is : q - â€œ these people are sick â€ trump - â€œ if we â€™ re not careful , history will repeat itself . â€ some of us read this stuff very differently . q certainly indicates a problem though we are the solution .",[trump]
"another poll , a person poll â¡ï¸ wear masks already in public . obviously not in middle ğŸ‡º ğŸ‡¸ âœ… btw , it was when in the vicinity of hunter biden âŒ",[biden]
"besides the twitter rants he â€™ s been an amazing president , good economy , low unemployment , tax cuts , law and order , support for military , peace deals and a number of other positives . biden - harris will be a disaster for the country if elected .",[biden]
trump and ariana plssss,[trump]
thought finland was part of russia thought he could buy greenland thought he met the president of puerto rico it â€™ s a us territory and thought nuking a hurricane was a good idea can â€™ t remember names can â€™ t remember who is running afghanistan can â€™ t remember name,[trump]
please don â€™ t come to omaha . we â€™ re having a major covid spike .,[trump]
being trump only works for trump,[trump]
someone is nervous the money train is going to run out when daddy trump gets voted out of office .,[trump]
"trump didn â€™ t cause their trauma . they came here illegally . they caused themselves the drama , stress etc . . . go back home and return legally",[trump]
"we decided not to record a new podcast episode this week , since it was basically a repeat of the previous week . . . another rapper endorsing trump , maga doing stupid shit . . . we will be back next week , should be plenty to discuss by mid - week , or later if trump steals the election .",[trump]
hello bot hope you like jail,[trump]
dear farmers of the midwest remember how much this trade war killed you in your pocket book and that he really only bailed out big farmers that really didn â€™ t need it and remember that some of those deals with china are never coming back,[trump]
"trump has plans . . . lots of dark , sadistic plans before he goes . he will not go willingly . . . or if he does , it will not be until after he has finished all of his dirty work . i am absolutely paranoid about healthcare & ss . barrett being push through wasn ' t for nothing either .",[trump]
all parties have cheaters . but why is it always the dems who cheat like this ? poll watchers denied entry into philadelphia polling stations : trump campaign download our app to read more for free at,[trump]
also beetlejuice giving ol girl the trump handshake . this movie was insane .,[trump]
go ask any republican what â€™ s trump platform because it â€™ s all bs and propaganda he has nothing,[trump]
i remember this one time spicoli helped get el chapo arrested ! will biden combat covid 19 with tasty waves cool buzz ? ?,[biden]
yep i agree they are are the most dishonest news source we need a fair news act they have to admit when they are wrong in the same time slot and a fine let â€™ s see who really has to change rules u need news sources cable news should be fair,[trump]
the dude has one hell of a basement,[trump]
dude must be an ugly mofo to vote for biden & mask mandates ğŸ˜‚,[biden]
not facebook niggas saying vote for trump ğŸ¤¬,[trump]
here â€™ s what the map would look like if trump only wins where woah he has trouble with the snap ! and the ball is free ! it â€™ s picked up by michigan states jalen watts - jackson and he will score ! on the last play of the game ! unbelievable !,[trump]
remember that time we had to stay inside for months during swine flu ?,[trump]
"biden . but tbh , kool - aid man . he will drench u if he does not win :d ( no im hoping with my life that biden wins )",[biden]
hello bot hope you had a good time in america but i just booked you a flight back to moscow don â€™ t worry i pack every plane with that cheap vodka you love â¤ï¸,[trump]
"vote early ! it ' s either the riots or covid . . . but , they will suppress your vote . they know conservatives wait until election day . think about it - why did they say vote early ? they knew biden crap would come out , they control the msm and scare of covid , they have their rioters . . .",[biden]
ğŸš¨ ğŸš¨ ğŸš¨ ğŸš¨ ğŸš¨ ğŸš¨ ğŸ‘‡ trump is not done murdering . . .,[trump]
any idea why the trump campaign says there is an official drop box at the airport ?,[trump]
oh please trump slurs like a novocain victim talked about dating his daughter thought washington stormed airports talked about cleaning fluid injections and sticking lights in are body told california to rake it â€™ s forrest drew on a weather map /,[trump]
"donnie , the speed is for daytime . ambien is for night time .",[trump]
"really it ' s not . you should read , or learn to .",[trump]
i can imagine all the votes getting counted even after you hamstrung th usps . twit,[trump]
we all know everything on the internet is true ğŸ˜‚ ğŸ˜‚ ğŸ˜‚ ğŸ¤£ ğŸ¤£ ğŸ¤£,[trump]
what â€™ s orange hollow and needs to be thrown out in november that â€™ s right this guy,[trump]
don â€™ t let up people i don â€™ t care what the polls say keep voting they think they are going to win this with a last second surge don â€™ t let them,[trump]
the many people who drove cars into crowds the wisconsin shooter the synagogue shooter the mosque shooter the fbi is on record saying white supremacy groups are growing we know where the real violence is coming from,[trump]
gotta love the personal insults from the brand new accounts posting trump propaganda all day long . you people crack me up .,[trump]
these stories â€” including one that claims joe biden has stopped in - person campaigning â€” were shared widely on social media . that does not make them true . here are the facts .,[biden]
death cult trump still has murder on his mind . . . rallies to go .,[trump]
unleash the frantic tweets,[trump]
is a trump sycophant . a vote for don bacon is a vote for trump . a vote for don bacon is a vote for fascism . vote for democracy . vote for kara eastman . ne 02,[trump]
it â€™ s the unaffordable care act . president trump took out the individual mandate which was huge . preexisting conditions are still covered . you were a terrible president with a classless first lady . your corrupt former vp is going down . the car rallies are so sad .,[trump]
team biden harris 2020 all the way fuck trump dump trump day nov 3,[trump]
typical republicans in nebraska . i live here and i had no idea trump was even in town until i saw news coverage about it . wish omaha would of done what they do at local concerts and walkout before the headliner plays .,[trump]
"a closer look at melania trump and jill biden , the impact of mail - in voting , whether undecided voters even exist and so much more .","[trump, biden]"
he met both the virgin islands and puerto rico presidents they are both us territory â€™ s the intelligence community says they can â€™ t teach him because he has a short attention span he calls people by the wrong name can â€™ t remember his kids name,[trump]
omaha trump rally read the the thread by,[trump]
still on my bingo card ? trump ' s n - word tape leaking .,[trump]
republicans are the american taliban you have to play by their christian rules and no other it â€™ s what they believe in when it comes to women â€™ s rights their rules for lgbq the hole separate of church and state has been eroded,[trump]
hunter biden is harder to find than the g - spot . i â€™ m kidding ! ! ! ğŸ˜‚ ğŸ˜‚ ğŸ˜‚,[biden]
the cheating is in play . if the fake media declares biden the winner then trump is screwed . we â€™ re all screwed .,[biden]
can someone tell me how the federal government under a biden administration believes they should get percent of what i make off of my investments and they didn â€™ t do a thing wish i could make percent and do nothing,[biden]
right wing violence the kenosha shooter the oakland shooter the vegas church burning down the minnesota police station burning down the attempt of kidnapping of a governor the texas mall shooter the california shooter cinco de mayo shooter,[trump]
imagine for a moment what trump is fantasizing about . . .,[trump]
its abt the election but if trump wins minorities r in trouble and if biden wins lots of conservatives may riot which can get dangerous ! just be safe is all,"[trump, biden]"
with all disrespect fuck donald trump,[trump]
"next to biden , i pray to god kentucky has the biggest upset and moscow mitch goes down . . . after last night , i hope it lit a fire under kentuckians to vote for amy . . .",[biden]
would never have that problem at a sad rally for corrupt biden . also watch the interview and learn how to be a journalist .,[biden]
it â€™ s not suppressing if it â€™ s propaganda you have a problem with telling the truth,[trump]
and outside of biden appearances more trump peaceful protestors âœ…,"[trump, biden]"
so you will president over thanksgiving and christmas and you were for the past years . so i guess it ' s actually your fault ?,[trump]
more distracting is biden â€™ s blatantly lying over and over again to those sheep honking the stupid horns !,[biden]
"now do liberal protests , blm riots , and all the other crap liberal dems and their rioting supporters have done . nobody supports biden so he can â€™ t put on any rallies ğŸ˜‚ ğŸ˜‚ ğŸ˜‚",[biden]
is this why trump and the gop want covid to keep spreading and killing ? are they hoping to throw out some early votes and help themselves in the swing states ?,[trump]
at least yours will come back think of all the soybean farmers to have to sell pennies on the dollar,[trump]
it ' s a pretty poor indicator of where we are as a nation when you consider the # of people listening to him & agreeing with his fatalistic view of the countries future should biden / harris win . vote biden harris to save america,[biden]
"so he ' s got nothing done in years , got it .",[trump]
i can â€™ t but to feel really sorry for are medical personal during this administration i can â€™ t even express how much my heart bleeds for them,[trump]
still nothing about the thousands of people trump and his buddies left stranded ? ğŸ¤” the national media beat you on covering it . ouch .,[trump]
trump did that . trump virus trump failed america,[trump]
even the white house lies when trump lives in it .,[trump]
"how is voting for biden â€œ protecting our community â€ when he already said nothing will fundamentally change ? how about you minding your own business and not shaming people for making their own decision ? as long as they aren â€™ t voting for trump , who give a shit .","[biden, trump]"
"as long as dems win congress and / or sen , nothing wud happen to hidin â€™ biden unfortunately . and msm won â€™ t investigate",[biden]
i know where i ' d like to send trump . . .,[trump]
by incompetents yes we can â€™ t get the economy back tell we fight this pandemic we can â€™ t fight the pandemic tell we have a national plan we can â€™ t get a national plan tell we have real leadership it â€™ s just that simple people,[trump]
no way main goes red all bet anything,[trump]
trump ' s america . vote blue to save america vote like your life depends on it because it does,[trump]
trump is a madman .,[trump]
"\ \ "" \ "" breaking : president biden arrested on federal corruption charges \ "" \ "" running parallel with a live sotu address and completely forgetting the constitutional protections against that they have so far remembered just fine for trump \ "" ""","[trump, biden]"
really looking forward to not being able to sleep tonight because i am being kept up by my brain ' s weird fascination with election coverage and my heart ' s worry about a second term for trump . us elections 2020,[trump]
"when biden cheats and if he happens to win , he will not be impeached . smart move having kumala be vp .",[biden]
"he ' s locked down in europe . but , very much invested in the us prevailing and conquering biden . the fate of the world depends on it .",[biden]
it get shut down because it â€™ s russian propaganda about hunter it â€™ s been debunked but idiots can â€™ t get that through their head,[trump]
"that moment when trump proclaims he only hires the best and half his administartion is in jail , corrupt , or inept",[trump]
i â€™ m shocked that there are millions of morons planning on voting for biden . crazy times .,[biden]
roar trump2020 !,[trump]
"yeah , but obama was slightly different than biden , who doesn â€™ t seem to have people enthused to vote for him at all . they are only voting against trump . biden is worst candidate since hillary .","[trump, biden]"
then you got played,[trump]
sometimes you have to live through the hoax to understand it . i agree the mask wearing and fear porn on msm is only perpetuating it . i still cannot understand your reasoning . biden is a deep state crook .,[biden]
"yeah , between last quarter and this it comes out to what . . . . ? flimsy pride , twit .",[trump]
"msm will maybe report on this only if biden is voted in as president . then if they report , they get pulitzer prize , and president remains in dem hands with kamala which is what they want all along . , get it ?",[biden]
"absolutely ! every single person who has died from covid - would be alive right now if the virus did not exist , or had been contained . it ' s that simple .",[trump]
"\ \ "" \ "" trump does not joke \ "" \ "" - michael cohen \ "" """,[trump]
"find out how trump and biden are faring in the battleground states likely to decide election with this rundown of statewide polls , updated daily .","[trump, biden]"
"if we allowed people to declare victory half way thru , the would have a super bowl . instead , they still suck . # - 3 forever",[trump]
ss trump,[trump]
true but i was thinking of names like â€œ sleepy joe biden â€ and â€œ crazy nancy pelose â€œ there is no room for that for anyone â€™ s leaders,[biden]
i can â€™ t help but notice that is full of negative trump trending and defending biden trending . . social media bias much you dirty bird ?,[biden]
beijing biden singing to his choir ğŸ¤”,[biden]
"they do it every single time , no matter the rally or time of day . scared of the truth , much ? ? ?",[trump]
he â€™ s saving money and jobs . . . biden harris won â€™ t be,[biden]
been a follower . . . ğŸ‘,[trump]
"he has an estimated worth of , in june of",[trump]
here ' s some help to figure out who wins - - and when . get some clear answers to help you navigate election week . bonus : try our game to predict whether trump or biden wins !,"[biden, trump]"
republicans have been at war with public education for the last years every chance that they get they defund it and try to give more to private education,[trump]
"you forgot the donald trump option ! i have done my part , vote ğŸ’™ ğŸ§¡ ğŸ‡º ğŸ‡¸",[trump]
trump loves his country so much he does not pay taxes and dodges the draft does not compute,[trump]
